"LG_ID","housingunits","geoname","state","county","place","tract","bg","geonum","b25077001","mhv","FIPS_CLASS_CODE","PLACECE","DOR_CODE","NAME","CREATED_ON","CREATED_BY","UPDATED_ON","UPDATED_BY","FEATURE_ID","CM_FUND_TYPE_ID","debt","s4metric"
3033,274.6,"Deer Trail town, Colorado","8","",19630,"","","10819630","119400",119400,"C1","0305","0238","Deer Trail",2002-10-18 15:59:43,"OIS",2002-10-18 15:59:43,"OIS",2412415,2,242800,0.00740531987443896
3033,274.6,"Deer Trail town, Colorado","8","",19630,"","","10819630","119400",119400,"C1","0305","0238","Deer Trail",2002-10-18 15:59:43,"OIS",2002-10-18 15:59:43,"OIS",2412415,3,654530,0.0199629490008918
3041,15534,"Englewood city, Colorado","8","",24785,"","","10824785","223400",223400,"C1","0395","0281","Englewood",2002-10-18 15:59:43,"OIS",2002-10-18 15:59:43,"OIS",2410441,2,13246292.2,0.00381705010950652
3041,15534,"Englewood city, Colorado","8","",24785,"","","10824785","223400",223400,"C1","0395","0281","Englewood",2002-10-18 15:59:43,"OIS",2002-10-18 15:59:43,"OIS",2410441,3,42716145.2,0.0123090797222
3043,2716.2,"Glendale city, Colorado","8","",30340,"","","10830340","119100",119100,"C1","0530","0329","Glendale",2002-10-18 15:59:43,"OIS",2002-10-18 15:59:43,"OIS",2410598,2,1220248.6,0.00377202716468549
3043,2716.2,"Glendale city, Colorado","8","",30340,"","","10830340","119100",119100,"C1","0530","0329","Glendale",2002-10-18 15:59:43,"OIS",2002-10-18 15:59:43,"OIS",2410598,3,7260043.4,0.0224422145795501
5003,75,"Campo town, Colorado","8","",11645,"","","10811645","32500",32500,"C1","0170","0178","Campo",2002-10-18 15:59:43,"OIS",2002-10-18 15:59:43,"OIS",2413155,2,137052.5,0.0562266666666667
5006,76,"Pritchett town, Colorado","8","",61315,"","","10861315","70000",70000,"C1","1075","0543","Pritchett",2002-10-18 15:59:43,"OIS",2002-10-18 15:59:43,"OIS",2412509,2,156666.6,0.0294486090225564
5006,76,"Pritchett town, Colorado","8","",61315,"","","10861315","70000",70000,"C1","1075","0543","Pritchett",2002-10-18 15:59:43,"OIS",2002-10-18 15:59:43,"OIS",2412509,3,58600,0.011015037593985
5011,828.8,"Springfield town, Colorado","8","",73330,"","","10873330","61600",61600,"C1","1240","0609","Springfield",2002-10-18 15:59:43,"OIS",2002-10-18 15:59:43,"OIS",2413324,2,167621,0.00328320478990122
5011,828.8,"Springfield town, Colorado","8","",73330,"","","10873330","61600",61600,"C1","1240","0609","Springfield",2002-10-18 15:59:43,"OIS",2002-10-18 15:59:43,"OIS",2413324,3,487110.2,0.00954106312365241
5019,60,"Vilas town, Colorado","8","",81030,"","","10881030","52900",52900,"C1","1315","0648","Vilas",2002-10-18 15:59:43,"OIS",2002-10-18 15:59:43,"OIS",2413433,2,197192.666666667,0.0621274942239025
6005,1214,"Las Animas city, Colorado","8","",43660,"","","10843660","50000",50000,"C1","0780","0424","Las Animas",2002-10-18 15:59:43,"OIS",2002-10-18 15:59:43,"OIS",2411628,2,1603793.2,0.0264216342668863
6005,1214,"Las Animas city, Colorado","8","",43660,"","","10843660","50000",50000,"C1","0780","0424","Las Animas",2002-10-18 15:59:43,"OIS",2002-10-18 15:59:43,"OIS",2411628,3,987256,0.0162645140032949
7006,44221,"Boulder city, Colorado","8","",7850,"","","10807850","512600",512600,"C1","0110","0152","Boulder",2002-10-18 15:59:43,"OIS",2002-10-18 15:59:43,"OIS",2409883,2,32783000,0.00144624387441848
7006,44221,"Boulder city, Colorado","8","",7850,"","","10807850","512600",512600,"C1","0110","0152","Boulder",2002-10-18 15:59:43,"OIS",2002-10-18 15:59:43,"OIS",2409883,3,44131400,0.0019468860970476
7018,138.2,"Jamestown town, Colorado","8","",39195,"","","10839195","303800",303800,"C1","0685","0391","Jamestown",2002-10-18 15:59:43,"OIS",2002-10-18 15:59:43,"OIS",2412800,2,7750.2,0.000184593794569319
7020,10348.6,"Lafayette city, Colorado","8","",41835,"","","10841835","281700",281700,"C1","0735","0415","Lafayette",2002-10-18 15:59:43,"OIS",2002-10-18 15:59:43,"OIS",2411592,2,15170787.2,0.00520402853097637
7020,10348.6,"Lafayette city, Colorado","8","",41835,"","","10841835","281700",281700,"C1","0735","0415","Lafayette",2002-10-18 15:59:43,"OIS",2002-10-18 15:59:43,"OIS",2411592,3,4832005.6,0.00165752077810686
7032,892.4,"Lyons town, Colorado","8","",47070,"","","10847070","362500",362500,"C1","0835","0447","Lyons",2002-10-18 15:59:43,"OIS",2002-10-18 15:59:43,"OIS",2412930,2,3099511.75,0.00958132815035781
7032,892.4,"Lyons town, Colorado","8","",47070,"","","10847070","362500",362500,"C1","0835","0447","Lyons",2002-10-18 15:59:43,"OIS",2002-10-18 15:59:43,"OIS",2412930,3,0,0
7033,750.8,"Nederland town, Colorado","8","",53175,"","","10853175","350000",350000,"C1","0935","0489","Nederland",2002-10-18 15:59:43,"OIS",2002-10-18 15:59:43,"OIS",2413037,2,2192946,0.00834517847629196
7033,750.8,"Nederland town, Colorado","8","",53175,"","","10853175","350000",350000,"C1","0935","0489","Nederland",2002-10-18 15:59:43,"OIS",2002-10-18 15:59:43,"OIS",2413037,3,2985954.2,0.0113629431463582
7042,101,"Ward town, Colorado","8","",82735,"","","10882735","173400",173400,"C1","1340","0658","Ward",2002-10-18 15:59:43,"OIS",2002-10-18 15:59:43,"OIS",2413449,2,0,0
8002,1408.8,"Buena Vista town, Colorado","8","",10105,"","","10810105","202000",202000,"C1","0155","0168","Buena Vista",2002-10-18 15:59:43,"OIS",2002-10-18 15:59:43,"OIS",2411739,2,467855.6,0.00164403522975807
8006,369.4,"Poncha Springs town, Colorado","8","",60600,"","","10860600","207600",207600,"C1","1065","0539","Poncha Springs",2002-10-18 15:59:43,"OIS",2002-10-18 15:59:43,"OIS",2412495,2,174600,0.0022767743974763
8006,369.4,"Poncha Springs town, Colorado","8","",60600,"","","10860600","207600",207600,"C1","1065","0539","Poncha Springs",2002-10-18 15:59:43,"OIS",2002-10-18 15:59:43,"OIS",2412495,3,0,0
8007,2951.4,"Salida city, Colorado","8","",67280,"","","10867280","248400",248400,"C1","1160","0576","Salida",2002-10-18 15:59:43,"OIS",2002-10-18 15:59:43,"OIS",2411766,2,3308855.8,0.00451334130356761
8007,2951.4,"Salida city, Colorado","8","",67280,"","","10867280","248400",248400,"C1","1160","0576","Salida",2002-10-18 15:59:43,"OIS",2002-10-18 15:59:43,"OIS",2411766,3,7197223,0.00981714701404841
9007,430.2,"Cheyenne Wells town, Colorado","8","",14175,"","","10814175","77000",77000,"C1","0215","0190","Cheyenne Wells",2002-10-18 15:59:43,"OIS",2002-10-18 15:59:43,"OIS",2413197,2,0,0
9013,146,"Kit Carson town, Colorado","8","",41010,"","","10841010","63200",63200,"C1","0720","0406","Kit Carson",2002-10-18 15:59:43,"OIS",2002-10-18 15:59:43,"OIS",2412842,2,213675,0.023157079070574
10005,195.6,"Empire town, Colorado","8","",24620,"","","10824620","190600",190600,"C1","0390","0280","Empire",2002-10-18 15:59:43,"OIS",2002-10-18 15:59:43,"OIS",2412485,2,81471.4,0.0021853119092222
10005,195.6,"Empire town, Colorado","8","",24620,"","","10824620","190600",190600,"C1","0390","0280","Empire",2002-10-18 15:59:43,"OIS",2002-10-18 15:59:43,"OIS",2412485,3,4195.2,0.000112528083739434
10007,758.8,"Georgetown town, Colorado","8","",29735,"","","10829735","252000",252000,"C1","0520","0321","Georgetown",2002-10-18 15:59:43,"OIS",2002-10-18 15:59:43,"OIS",2412677,2,2063478.4,0.0107912577084955
10007,758.8,"Georgetown town, Colorado","8","",29735,"","","10829735","252000",252000,"C1","0520","0321","Georgetown",2002-10-18 15:59:43,"OIS",2002-10-18 15:59:43,"OIS",2412677,3,3368936,0.0176183363874455
10008,934,"Idaho Springs city, Colorado","8","",38370,"","","10838370","166700",166700,"C1","0660","0382","Idaho Springs",2002-10-18 15:59:43,"OIS",2002-10-18 15:59:43,"OIS",2410092,2,2399102.6,0.0154087122618303
10008,934,"Idaho Springs city, Colorado","8","",38370,"","","10838370","166700",166700,"C1","0660","0382","Idaho Springs",2002-10-18 15:59:43,"OIS",2002-10-18 15:59:43,"OIS",2410092,3,411708.6,0.00264428013754851
10009,145,"Silver Plume town, Colorado","8","",70360,"","","10870360","176900",176900,"C1","1220","0595","Silver Plume",2002-10-18 15:59:43,"OIS",2002-10-18 15:59:43,"OIS",2413287,2,379732.6,0.0148041012845753
10009,145,"Silver Plume town, Colorado","8","",70360,"","","10870360","176900",176900,"C1","1220","0595","Silver Plume",2002-10-18 15:59:43,"OIS",2002-10-18 15:59:43,"OIS",2413287,3,107171.4,0.0041781407769829
11010,425,"Manassa town, Colorado","8","",48060,"","","10848060","86600",86600,"C1","0840","0451","Manassa",2002-10-18 15:59:43,"OIS",2002-10-18 15:59:43,"OIS",2412937,2,382432,0.0103907621247113
11010,425,"Manassa town, Colorado","8","",48060,"","","10848060","86600",86600,"C1","0840","0451","Manassa",2002-10-18 15:59:43,"OIS",2002-10-18 15:59:43,"OIS",2412937,3,563300,0.0153049857356337
13002,88,"Crowley town, Colorado","8","",18750,"","","10818750","62900",62900,"C1","0290","0231","Crowley",2002-10-18 15:59:43,"OIS",2002-10-18 15:59:43,"OIS",2412394,2,88220,0.0159379968203498
13002,88,"Crowley town, Colorado","8","",18750,"","","10818750","62900",62900,"C1","0290","0231","Crowley",2002-10-18 15:59:43,"OIS",2002-10-18 15:59:43,"OIS",2412394,3,1176552.4,0.212558245411187
13004,161,"Olney Springs town, Colorado","8","",55705,"","","10855705","55600",55600,"C1","0975","0502","Olney Springs",2002-10-18 15:59:43,"OIS",2002-10-18 15:59:43,"OIS",2413079,2,563427,0.0629414853210599
13004,161,"Olney Springs town, Colorado","8","",55705,"","","10855705","55600",55600,"C1","0975","0502","Olney Springs",2002-10-18 15:59:43,"OIS",2002-10-18 15:59:43,"OIS",2413079,3,153425,0.0171393940748023
13006,540.8,"Ordway town, Colorado","8","",56145,"","","10856145","63600",63600,"C1","0995","0506","Ordway",2002-10-18 15:59:43,"OIS",2002-10-18 15:59:43,"OIS",2413090,2,549537.6,0.0159773082505303
13006,540.8,"Ordway town, Colorado","8","",56145,"","","10856145","63600",63600,"C1","0995","0506","Ordway",2002-10-18 15:59:43,"OIS",2002-10-18 15:59:43,"OIS",2413090,3,531137.2,0.0154423332775111
13007,151,"Sugar City town, Colorado","8","",74815,"","","10874815","49400",49400,"C1","1265","0620","Sugar City",2002-10-18 15:59:43,"OIS",2002-10-18 15:59:43,"OIS",2413346,2,303215.2,0.0406487385044374
13007,151,"Sugar City town, Colorado","8","",74815,"","","10874815","49400",49400,"C1","1265","0620","Sugar City",2002-10-18 15:59:43,"OIS",2002-10-18 15:59:43,"OIS",2413346,3,277419.2,0.0371905515188889
15003,1181.8,"Cedaredge town, Colorado","8","",12635,"","","10812635","167000",167000,"C1","0190","0185","Cedaredge",2002-10-18 15:59:43,"OIS",2002-10-18 15:59:43,"OIS",2413184,2,2331744.4,0.0118146398014599
15003,1181.8,"Cedaredge town, Colorado","8","",12635,"","","10812635","167000",167000,"C1","0190","0185","Cedaredge",2002-10-18 15:59:43,"OIS",2002-10-18 15:59:43,"OIS",2413184,3,0,0
15005,212,"Crawford town, Colorado","8","",17925,"","","10817925","146900",146900,"C1","0260","0224","Crawford",2002-10-18 15:59:43,"OIS",2002-10-18 15:59:43,"OIS",2412382,2,0,0
15005,212,"Crawford town, Colorado","8","",17925,"","","10817925","146900",146900,"C1","0260","0224","Crawford",2002-10-18 15:59:43,"OIS",2002-10-18 15:59:43,"OIS",2412382,3,0,0
15015,3857,"Delta city, Colorado","8","",19850,"","","10819850","161600",161600,"C1","0315","0241","Delta",2002-10-18 15:59:43,"OIS",2002-10-18 15:59:43,"OIS",2410319,2,0,0
15015,3857,"Delta city, Colorado","8","",19850,"","","10819850","161600",161600,"C1","0315","0241","Delta",2002-10-18 15:59:43,"OIS",2002-10-18 15:59:43,"OIS",2410319,3,2432830,0.00390319966012676
15020,471,"Hotchkiss town, Colorado","8","",37545,"","","10837545","166900",166900,"C1","0640","0375","Hotchkiss",2002-10-18 15:59:43,"OIS",2002-10-18 15:59:43,"OIS",2412771,2,556296.8,0.0070766760929603
15020,471,"Hotchkiss town, Colorado","8","",37545,"","","10837545","166900",166900,"C1","0640","0375","Hotchkiss",2002-10-18 15:59:43,"OIS",2002-10-18 15:59:43,"OIS",2412771,3,515157.2,0.00655333742950951
15022,1422.8,"Orchard City town, Colorado","8","",55980,"","","10855980","178700",178700,"C1","0985","0505","Orchard City",2002-10-18 15:59:43,"OIS",2002-10-18 15:59:43,"OIS",2413088,2,0,0
15025,788.8,"Paonia town, Colorado","8","",57300,"","","10857300","155700",155700,"C1","1035","0515","Paonia",2002-10-18 15:59:43,"OIS",2002-10-18 15:59:43,"OIS",2413109,2,845069,0.00688076389947382
15025,788.8,"Paonia town, Colorado","8","",57300,"","","10857300","155700",155700,"C1","1035","0515","Paonia",2002-10-18 15:59:43,"OIS",2002-10-18 15:59:43,"OIS",2413109,3,1777557.2,0.0144733168664449
16002,289289.6,"Denver city, Colorado","8","",20000,"","","10820000","271300",271300,"C1","0320","0242","Denver",2002-10-18 15:59:43,"OIS",2002-10-18 15:59:43,"OIS",2410324,2,424299400,0.00540617130308252
16002,289289.6,"Denver city, Colorado","8","",20000,"","","10820000","271300",271300,"C1","0320","0242","Denver",2002-10-18 15:59:43,"OIS",2002-10-18 15:59:43,"OIS",2410324,3,43074600,0.000548831005680796
17003,360,"Dove Creek town, Colorado","8","",21265,"","","10821265","86900",86900,"C1","0340","0250","Dove Creek",2002-10-18 15:59:43,"OIS",2002-10-18 15:59:43,"OIS",2412446,2,99935.6,0.00319446362357755
17003,360,"Dove Creek town, Colorado","8","",21265,"","","10821265","86900",86900,"C1","0340","0250","Dove Creek",2002-10-18 15:59:43,"OIS",2002-10-18 15:59:43,"OIS",2412446,3,0,0
17007,210.4,"Rico town, Colorado","8","",64090,"","","10864090","260000",260000,"C1","1115","0560","Rico",2002-10-18 15:59:43,"OIS",2002-10-18 15:59:43,"OIS",2412550,2,30974.2,0.000566214536414156
17007,210.4,"Rico town, Colorado","8","",64090,"","","10864090","260000",260000,"C1","1115","0560","Rico",2002-10-18 15:59:43,"OIS",2002-10-18 15:59:43,"OIS",2412550,3,0,0
18003,18300.2,"Castle Rock town, Colorado","8","",12415,"","","10812415","296600",296600,"C1","0185","0184","Castle Rock",2002-10-18 15:59:43,"OIS",2002-10-18 15:59:43,"OIS",2413179,2,85860820.4,0.0158186002455209
18003,18300.2,"Castle Rock town, Colorado","8","",12415,"","","10812415","296600",296600,"C1","0185","0184","Castle Rock",2002-10-18 15:59:43,"OIS",2002-10-18 15:59:43,"OIS",2413179,3,2986369.6,0.000550194916234182
18021,90,"Larkspur town, Colorado","8","",43550,"","","10843550","",NA,"C1","0770","0423","Larkspur",2002-10-18 15:59:43,"OIS",2002-10-18 15:59:43,"OIS",2412878,2,107303,NA
18021,90,"Larkspur town, Colorado","8","",43550,"","","10843550","",NA,"C1","0770","0423","Larkspur",2002-10-18 15:59:43,"OIS",2002-10-18 15:59:43,"OIS",2412878,3,0,NA
19003,3628,"Avon town, Colorado","8","",4110,"","","10804110","332400",332400,"C1","0057","0128","Avon",2002-10-18 15:59:43,"OIS",2002-10-18 15:59:43,"OIS",2411658,2,0,0
19009,2425.2,"Eagle town, Colorado","8","",22200,"","","10822200","399700",399700,"C1","0360","0258","Eagle",2002-10-18 15:59:43,"OIS",2002-10-18 15:59:43,"OIS",2412456,2,2682743.4,0.00276756243580508
19009,2425.2,"Eagle town, Colorado","8","",22200,"","","10822200","399700",399700,"C1","0360","0258","Eagle",2002-10-18 15:59:43,"OIS",2002-10-18 15:59:43,"OIS",2412456,3,12391959,0.0127837497370925
19020,2258,"Gypsum town, Colorado","8","",33695,"","","10833695","319600",319600,"C1","0595","0351","Gypsum",2002-10-18 15:59:43,"OIS",2002-10-18 15:59:43,"OIS",2412716,2,817705,0.00113309401366411
19020,2258,"Gypsum town, Colorado","8","",33695,"","","10833695","319600",319600,"C1","0595","0351","Gypsum",2002-10-18 15:59:43,"OIS",2002-10-18 15:59:43,"OIS",2412716,3,2562466.6,0.00355081057921161
19024,535,"Minturn town, Colorado","8","",50920,"","","10850920","527300",527300,"C1","0890","0473","Minturn",2002-10-18 15:59:43,"OIS",2002-10-18 15:59:43,"OIS",2413005,2,495495,0.00175641736867945
20005,322,"Kiowa town, Colorado","8","",40790,"","","10840790","131900",131900,"C1","0715","0404","Kiowa",2002-10-18 15:59:43,"OIS",2002-10-18 15:59:43,"OIS",2412838,2,2688427.2,0.0632991114103947
20005,322,"Kiowa town, Colorado","8","",40790,"","","10840790","131900",131900,"C1","0715","0404","Kiowa",2002-10-18 15:59:43,"OIS",2002-10-18 15:59:43,"OIS",2412838,3,1806899.2,0.0425435041604076
20006,266,"Simla town, Colorado","8","",70635,"","","10870635","113000",113000,"C1","1230","0598","Simla",2002-10-18 15:59:43,"OIS",2002-10-18 15:59:43,"OIS",2413290,2,91684.8,0.0030502628252046
20006,266,"Simla town, Colorado","8","",70635,"","","10870635","113000",113000,"C1","1230","0598","Simla",2002-10-18 15:59:43,"OIS",2002-10-18 15:59:43,"OIS",2413290,3,42920,0.00142790604830661
21006,349.4,"Calhan town, Colorado","8","",11260,"","","10811260","150300",150300,"C1","0165","0175","Calhan",2002-10-18 15:59:43,"OIS",2002-10-18 15:59:43,"OIS",2413149,2,267106,0.005086297544198
21006,349.4,"Calhan town, Colorado","8","",11260,"","","10811260","150300",150300,"C1","0165","0175","Calhan",2002-10-18 15:59:43,"OIS",2002-10-18 15:59:43,"OIS",2413149,3,56899.4,0.00108349224085696
21026,9663.2,"Fountain city, Colorado","8","",27865,"","","10827865","185000",185000,"C1","0475","0298","Fountain",2002-10-18 15:59:43,"OIS",2002-10-18 15:59:43,"OIS",2410535,2,31702729.6,0.0177338879404282
21030,2848.2,"Manitou Springs city, Colorado","8","",48445,"","","10848445","289600",289600,"C1","0850","0453","Manitou Springs",2002-10-18 15:59:43,"OIS",2002-10-18 15:59:43,"OIS",2411021,2,3392394,0.00411279674164666
21030,2848.2,"Manitou Springs city, Colorado","8","",48445,"","","10848445","289600",289600,"C1","0850","0453","Manitou Springs",2002-10-18 15:59:43,"OIS",2002-10-18 15:59:43,"OIS",2411021,3,150614.4,0.000182598605458289
21032,1921.2,"Monument town, Colorado","8","",51800,"","","10851800","323300",323300,"C1","0915","0481","Monument",2002-10-18 15:59:43,"OIS",2002-10-18 15:59:43,"OIS",2413009,2,1198129.4,0.00192896986295618
21034,1099.2,"Palmer Lake town, Colorado","8","",57025,"","","10857025","235300",235300,"C1","1025","0513","Palmer Lake",2002-10-18 15:59:43,"OIS",2002-10-18 15:59:43,"OIS",2413103,2,2055157.4,0.00794596123997919
21036,68,"Ramah town, Colorado","8","",62660,"","","10862660","117200",117200,"C1","1090","0550","Ramah",2002-10-18 15:59:43,"OIS",2002-10-18 15:59:43,"OIS",2412523,2,52740,0.00661764705882353
21036,68,"Ramah town, Colorado","8","",62660,"","","10862660","117200",117200,"C1","1090","0550","Ramah",2002-10-18 15:59:43,"OIS",2002-10-18 15:59:43,"OIS",2412523,3,52740,0.00661764705882353
22001,103.2,"Brookside town, Colorado","8","",9115,"","","10809115","152300",152300,"C1","0140","0721","Brookside",2002-10-18 15:59:43,"OIS",2002-10-18 15:59:43,"OIS",2411733,2,134042,0.00852827701344246
22002,7313,"Caï¿½on City city, Colorado","8","",11810,"","","10811810","148900",148900,"C1","0175","0179","Canon City",2002-10-18 15:59:43,"OIS",2002-10-18 15:59:43,"OIS",2409976,2,0,0
22006,160,"Coal Creek town, Colorado","8","",15330,"","","10815330","128100",128100,"C1","0225","0201","Coal Creek",2002-10-18 15:59:43,"OIS",2002-10-18 15:59:43,"OIS",2413219,2,67921,0.00331386612021858
22011,1747,"Florence city, Colorado","8","",27040,"","","10827040","117000",117000,"C1","0450","0296","Florence",2002-10-18 15:59:43,"OIS",2002-10-18 15:59:43,"OIS",2410510,2,17008981.2,0.0832146008542116
22018,231.8,"Rockvale town, Colorado","8","",64970,"","","10864970","144600",144600,"C1","1130","0566","Rockvale",2002-10-18 15:59:43,"OIS",2002-10-18 15:59:43,"OIS",2412564,2,0,0
22019,281.2,"Williamsburg town, Colorado","8","",85155,"","","10885155","113700",113700,"C1","1370","0679","Williamsburg",2002-10-18 15:59:43,"OIS",2002-10-18 15:59:43,"OIS",2413490,2,165200,0.00516695003571826
23004,2476.4,"Carbondale town, Colorado","8","",12045,"","","10812045","447700",447700,"C1","0180","0181","Carbondale (was 12030 prior to 1990)",2002-10-18 15:59:43,"OIS",2002-10-18 15:59:43,"OIS",2413166,2,244517.6,0.000220547548486933
23004,2476.4,"Carbondale town, Colorado","8","",12045,"","","10812045","447700",447700,"C1","0180","0181","Carbondale (was 12030 prior to 1990)",2002-10-18 15:59:43,"OIS",2002-10-18 15:59:43,"OIS",2413166,3,0,0
23013,538.8,"Parachute town, Colorado","8","",57400,"","","10857400","123800",123800,"C1","1037","0516","Parachute",2002-10-18 15:59:43,"OIS",2002-10-18 15:59:43,"OIS",2413110,2,284829.2,0.00427008262242547
23013,538.8,"Parachute town, Colorado","8","",57400,"","","10857400","123800",123800,"C1","1037","0516","Parachute",2002-10-18 15:59:43,"OIS",2002-10-18 15:59:43,"OIS",2413110,3,6771.2,0.000101512005977503
23017,3633.2,"Rifle city, Colorado","8","",64255,"","","10864255","195600",195600,"C1","1125","0562","Rifle",2002-10-18 15:59:43,"OIS",2002-10-18 15:59:43,"OIS",2410947,2,16167064,0.02274956001087
23017,3633.2,"Rifle city, Colorado","8","",64255,"","","10864255","195600",195600,"C1","1125","0562","Rifle",2002-10-18 15:59:43,"OIS",2002-10-18 15:59:43,"OIS",2410947,3,15409125.8,0.0216830237142715
24001,70,"Black Hawk city, Colorado","8","",7025,"","","10807025","232100",232100,"C1","0090","0143","Black Hawk",2002-10-18 15:59:43,"OIS",2002-10-18 15:59:43,"OIS",2409856,2,12881600,0.792860220348372
25006,1104.8,"Fraser town, Colorado","8","",28305,"","","10828305","276300",276300,"C1","0485","0302","Fraser",2002-10-18 15:59:43,"OIS",2002-10-18 15:59:43,"OIS",2412655,2,0,0
25006,1104.8,"Fraser town, Colorado","8","",28305,"","","10828305","276300",276300,"C1","0485","0302","Fraser",2002-10-18 15:59:43,"OIS",2002-10-18 15:59:43,"OIS",2412655,3,0,0
25008,1616.6,"Granby town, Colorado","8","",31605,"","","10831605","192800",192800,"C1","0550","0337","Granby",2002-10-18 15:59:43,"OIS",2002-10-18 15:59:43,"OIS",2412699,2,191540,0.00061453960799855
25008,1616.6,"Granby town, Colorado","8","",31605,"","","10831605","192800",192800,"C1","0550","0337","Granby",2002-10-18 15:59:43,"OIS",2002-10-18 15:59:43,"OIS",2412699,3,0,0
25014,943.8,"Grand Lake town, Colorado","8","",31715,"","","10831715","411100",411100,"C1","0560","0339","Grand Lake",2002-10-18 15:59:43,"OIS",2002-10-18 15:59:43,"OIS",2412701,2,159829.8,0.000411936529890578
25015,318.8,"Hot Sulphur Springs town, Colorado","8","",37600,"","","10837600","224600",224600,"C1","0645","0378","Hot Sulphur Springs",2002-10-18 15:59:43,"OIS",2002-10-18 15:59:43,"OIS",2412770,2,1137500,0.0158863212559118
25015,318.8,"Hot Sulphur Springs town, Colorado","8","",37600,"","","10837600","224600",224600,"C1","0645","0378","Hot Sulphur Springs",2002-10-18 15:59:43,"OIS",2002-10-18 15:59:43,"OIS",2412770,3,352667,0.00492534616119442
25018,697.6,"Kremmling town, Colorado","8","",41560,"","","10841560","197500",197500,"C1","0730","0408","Kremmling",2002-10-18 15:59:43,"OIS",2002-10-18 15:59:43,"OIS",2412848,2,1837615.8,0.013337706131692
26008,2670.2,"Gunnison city, Colorado","8","",33640,"","","10833640","203100",203100,"C1","0590","0350","Gunnison",2002-10-18 15:59:43,"OIS",2002-10-18 15:59:43,"OIS",2410674,2,0,0
26008,2670.2,"Gunnison city, Colorado","8","",33640,"","","10833640","203100",203100,"C1","0590","0350","Gunnison",2002-10-18 15:59:43,"OIS",2002-10-18 15:59:43,"OIS",2410674,3,0,0
26010,105,"Marble town, Colorado","8","",48555,"","","10848555","309100",309100,"C1","0860","0455","Marble",2002-10-18 15:59:43,"OIS",2002-10-18 15:59:43,"OIS",2412952,2,324869.333333333,0.0100096850559484
28007,567.4,"La Veta town, Colorado","8","",44100,"","","10844100","192900",192900,"C1","0785","0414","La Veta",2002-10-18 15:59:43,"OIS",2002-10-18 15:59:43,"OIS",2412857,2,1200295.4,0.0109664631243841
28007,567.4,"La Veta town, Colorado","8","",44100,"","","10844100","192900",192900,"C1","0785","0414","La Veta",2002-10-18 15:59:43,"OIS",2002-10-18 15:59:43,"OIS",2412857,3,54000,0.000493369389499236
30035,7852,"Golden city, Colorado","8","",30835,"","","10830835","399300",399300,"C1","0540","0333","Golden",2002-10-18 15:59:43,"OIS",2002-10-18 15:59:43,"OIS",2410611,2,7191000,0.00229355779134116
30035,7852,"Golden city, Colorado","8","",30835,"","","10830835","399300",399300,"C1","0540","0333","Golden",2002-10-18 15:59:43,"OIS",2002-10-18 15:59:43,"OIS",2410611,3,0,0
30055,66285,"Lakewood city, Colorado","8","",43000,"","","10843000","254700",254700,"C1","0760","0420","Lakewood",2002-10-18 15:59:43,"OIS",2002-10-18 15:59:43,"OIS",2411614,2,0,0
30055,66285,"Lakewood city, Colorado","8","",43000,"","","10843000","254700",254700,"C1","0760","0420","Lakewood",2002-10-18 15:59:43,"OIS",2002-10-18 15:59:43,"OIS",2411614,3,0,0
30067,279.2,"Mountain View town, Colorado","8","",52350,"","","10852350","207600",207600,"C1","0925","0484","Mountain View",2002-10-18 15:59:43,"OIS",2002-10-18 15:59:43,"OIS",2413021,3,0,0
31002,352,"Eads town, Colorado","8","",22145,"","","10822145","61700",61700,"C1","0355","0257","Eads",2002-10-18 15:59:43,"OIS",2002-10-18 15:59:43,"OIS",2412454,2,993269.8,0.0457340227641079
31002,352,"Eads town, Colorado","8","",22145,"","","10822145","61700",61700,"C1","0355","0257","Eads",2002-10-18 15:59:43,"OIS",2002-10-18 15:59:43,"OIS",2412454,3,148248.4,0.00682593561219979
31003,41,"Haswell town, Colorado","8","",34740,"","","10834740","50800",50800,"C1","0605","0357","Haswell",2002-10-18 15:59:43,"OIS",2002-10-18 15:59:43,"OIS",2412734,2,42792.2,0.0205455156520069
32001,84,"Bethune town, Colorado","8","",6530,"","","10806530","86000",86000,"C1","0085","0140","Bethune",2002-10-18 15:59:43,"OIS",2002-10-18 15:59:43,"OIS",2411684,2,323251.6,0.0447468992248062
32001,84,"Bethune town, Colorado","8","",6530,"","","10806530","86000",86000,"C1","0085","0140","Bethune",2002-10-18 15:59:43,"OIS",2002-10-18 15:59:43,"OIS",2411684,3,0,0
32010,328,"Flagler town, Colorado","8","",26765,"","","10826765","102600",102600,"C1","0440","0294","Flagler",2002-10-18 15:59:43,"OIS",2002-10-18 15:59:43,"OIS",2412628,2,188195.4,0.00559226572528883
32010,328,"Flagler town, Colorado","8","",26765,"","","10826765","102600",102600,"C1","0440","0294","Flagler",2002-10-18 15:59:43,"OIS",2002-10-18 15:59:43,"OIS",2412628,3,0,0
32015,122.8,"Seibert town, Colorado","8","",69040,"","","10869040","96000",96000,"C1","1190","0588","Seibert",2002-10-18 15:59:43,"OIS",2002-10-18 15:59:43,"OIS",2413270,2,33784.6,0.00286582179695983
32015,122.8,"Seibert town, Colorado","8","",69040,"","","10869040","96000",96000,"C1","1190","0588","Seibert",2002-10-18 15:59:43,"OIS",2002-10-18 15:59:43,"OIS",2413270,3,137250,0.0116424063517915
32020,346,"Stratton town, Colorado","8","",74485,"","","10874485","100000",1e+05,"C1","1260","0619","Stratton",2002-10-18 15:59:43,"OIS",2002-10-18 15:59:43,"OIS",2413341,2,989354,0.0285940462427746
32020,346,"Stratton town, Colorado","8","",74485,"","","10874485","100000",1e+05,"C1","1260","0619","Stratton",2002-10-18 15:59:43,"OIS",2002-10-18 15:59:43,"OIS",2413341,3,389200.2,0.0112485606936416
32023,61,"Vona town, Colorado","8","",81690,"","","10881690","95000",95000,"C1","1320","0653","Vona",2002-10-18 15:59:43,"OIS",2002-10-18 15:59:43,"OIS",2413437,2,73209.4,0.0126332010353753
32023,61,"Vona town, Colorado","8","",81690,"","","10881690","95000",95000,"C1","1320","0653","Vona",2002-10-18 15:59:43,"OIS",2002-10-18 15:59:43,"OIS",2413437,3,24044.6,0.00414919758412424
34005,1004.8,"Bayfield town, Colorado","8","",5265,"","","10805265","249600",249600,"C1","0065","0134","Bayfield",2002-10-18 15:59:43,"OIS",2002-10-18 15:59:43,"OIS",2411667,2,236568.2,0.000943261607106402
34005,1004.8,"Bayfield town, Colorado","8","",5265,"","","10805265","249600",249600,"C1","0065","0134","Bayfield",2002-10-18 15:59:43,"OIS",2002-10-18 15:59:43,"OIS",2411667,3,4248479,0.0169398386143945
34008,7961.2,"Durango city, Colorado","8","",22035,"","","10822035","363700",363700,"C1","0350","0256","Durango",2002-10-18 15:59:43,"OIS",2002-10-18 15:59:43,"OIS",2410374,2,1557600.8,0.000537940603900322
34008,7961.2,"Durango city, Colorado","8","",22035,"","","10822035","363700",363700,"C1","0350","0256","Durango",2002-10-18 15:59:43,"OIS",2002-10-18 15:59:43,"OIS",2410374,3,0,0
34015,309.8,"Ignacio town, Colorado","8","",38535,"","","10838535","163800",163800,"C1","0665","0385","Ignacio",2002-10-18 15:59:43,"OIS",2002-10-18 15:59:43,"OIS",2412787,2,306703.4,0.00604398363275058
34015,309.8,"Ignacio town, Colorado","8","",38535,"","","10838535","163800",163800,"C1","0665","0385","Ignacio",2002-10-18 15:59:43,"OIS",2002-10-18 15:59:43,"OIS",2412787,3,333682,0.00657563152721319
35004,4164.4,"Estes Park town, Colorado","8","",25115,"","","10825115","320700",320700,"C1","0405","0284","Estes Park",2002-10-18 15:59:43,"OIS",2002-10-18 15:59:43,"OIS",2412603,2,4867203.4,0.00364441728704531
35009,62259.6,"Fort Collins city, Colorado","8","",27425,"","","10827425","265900",265900,"C1","0455","0307","Fort Collins",2002-10-18 15:59:43,"OIS",2002-10-18 15:59:43,"OIS",2410526,2,17792307.2,0.00107475037414524
35009,62259.6,"Fort Collins city, Colorado","8","",27425,"","","10827425","265900",265900,"C1","0455","0307","Fort Collins",2002-10-18 15:59:43,"OIS",2002-10-18 15:59:43,"OIS",2410526,3,33226912.4,0.00200708295625602
35026,29454.6,"Loveland city, Colorado","8","",46465,"","","10846465","224900",224900,"C1","0830","0443","Loveland",2002-10-18 15:59:43,"OIS",2002-10-18 15:59:43,"OIS",2410886,2,40000,6.03833782348663e-06
35026,29454.6,"Loveland city, Colorado","8","",46465,"","","10846465","224900",224900,"C1","0830","0443","Loveland",2002-10-18 15:59:43,"OIS",2002-10-18 15:59:43,"OIS",2410886,3,0,0
35047,2355,"Wellington town, Colorado","8","",83230,"","","10883230","212600",212600,"C1","1345","0664","Wellington",2002-10-18 15:59:43,"OIS",2002-10-18 15:59:43,"OIS",2413464,2,1320477,0.00263740405414312
35047,2355,"Wellington town, Colorado","8","",83230,"","","10883230","212600",212600,"C1","1345","0664","Wellington",2002-10-18 15:59:43,"OIS",2002-10-18 15:59:43,"OIS",2413464,3,3273351.4,0.00653790278285428
36001,290,"Aguilar town, Colorado","8","",760,"","","10800760","108800",108800,"C1","0005","0104","Aguilar",2002-10-18 15:59:43,"OIS",2002-10-18 15:59:43,"OIS",2412339,2,1115404.8,0.0353513184584179
36001,290,"Aguilar town, Colorado","8","",760,"","","10800760","108800",108800,"C1","0005","0104","Aguilar",2002-10-18 15:59:43,"OIS",2002-10-18 15:59:43,"OIS",2412339,3,19800,0.000627535496957404
36002,45,"Branson town, Colorado","8","",8345,"","","10808345","",NA,"C1","0120","0157","Branson",2002-10-18 15:59:43,"OIS",2002-10-18 15:59:43,"OIS",2411720,2,194850.2,NA
36005,47,"Kim town, Colorado","8","",40570,"","","10840570","78800",78800,"C1","0713","0403","Kim",2002-10-18 15:59:43,"OIS",2002-10-18 15:59:43,"OIS",2412834,2,102267,0.0276128631601685
36010,35,"Starkville town, Colorado","8","",73715,"","","10873715","62500",62500,"C1","1245","0610","Starkville",2002-10-18 15:59:43,"OIS",2002-10-18 15:59:43,"OIS",2413331,2,146313,0.0668859428571429
36011,4365.4,"Trinidad city, Colorado","8","",78610,"","","10878610","136500",136500,"C1","1295","0637","Trinidad",2002-10-18 15:59:43,"OIS",2002-10-18 15:59:43,"OIS",2412094,2,15315.2,2.57019442432005e-05
36011,4365.4,"Trinidad city, Colorado","8","",78610,"","","10878610","136500",136500,"C1","1295","0637","Trinidad",2002-10-18 15:59:43,"OIS",2002-10-18 15:59:43,"OIS",2412094,3,2491042.4,0.00418046338750054
37002,129,"Arriba town, Colorado","8","",3235,"","","10803235","60000",60000,"C1","0035","0117","Arriba",2002-10-18 15:59:43,"OIS",2002-10-18 15:59:43,"OIS",2411647,2,454500,0.0587209302325581
37002,129,"Arriba town, Colorado","8","",3235,"","","10803235","60000",60000,"C1","0035","0117","Arriba",2002-10-18 15:59:43,"OIS",2002-10-18 15:59:43,"OIS",2411647,3,24041.4,0.00310612403100775
37004,84,"Genoa town, Colorado","8","",29680,"","","10829680","49000",49000,"C1","0515","0320","Genoa",2002-10-18 15:59:43,"OIS",2002-10-18 15:59:43,"OIS",2412675,2,143144,0.0347774538386783
37004,84,"Genoa town, Colorado","8","",29680,"","","10829680","49000",49000,"C1","0515","0320","Genoa",2002-10-18 15:59:43,"OIS",2002-10-18 15:59:43,"OIS",2412675,3,190191.4,0.0462078231292517
37006,409.4,"Hugo town, Colorado","8","",37875,"","","10837875","78000",78000,"C1","0655","0380","Hugo",2002-10-18 15:59:43,"OIS",2002-10-18 15:59:43,"OIS",2412778,2,0,0
37006,409.4,"Hugo town, Colorado","8","",37875,"","","10837875","78000",78000,"C1","0655","0380","Hugo",2002-10-18 15:59:43,"OIS",2002-10-18 15:59:43,"OIS",2412778,3,0,0
38002,76,"Crook town, Colorado","8","",18640,"","","10818640","56900",56900,"C1","0285","0230","Crook",2002-10-18 15:59:43,"OIS",2002-10-18 15:59:43,"OIS",2412389,2,4506.4,0.00104208676348164
38002,76,"Crook town, Colorado","8","",18640,"","","10818640","56900",56900,"C1","0285","0230","Crook",2002-10-18 15:59:43,"OIS",2002-10-18 15:59:43,"OIS",2412389,3,0,0
38005,204.4,"Fleming town, Colorado","8","",26875,"","","10826875","84100",84100,"C1","0445","0295","Fleming",2002-10-18 15:59:43,"OIS",2002-10-18 15:59:43,"OIS",2412631,2,0,0
38005,204.4,"Fleming town, Colorado","8","",26875,"","","10826875","84100",84100,"C1","0445","0295","Fleming",2002-10-18 15:59:43,"OIS",2002-10-18 15:59:43,"OIS",2412631,3,0,0
38007,128.2,"Iliff town, Colorado","8","",38590,"","","10838590","80000",80000,"C1","0670","0386","Iliff",2002-10-18 15:59:43,"OIS",2002-10-18 15:59:43,"OIS",2412788,2,902.4,8.798751950078e-05
38007,128.2,"Iliff town, Colorado","8","",38590,"","","10838590","80000",80000,"C1","0670","0386","Iliff",2002-10-18 15:59:43,"OIS",2002-10-18 15:59:43,"OIS",2412788,3,8500,0.000828783151326053
38011,120.8,"Merino town, Colorado","8","",50040,"","","10850040","111400",111400,"C1","0880","0466","Merino",2002-10-18 15:59:43,"OIS",2002-10-18 15:59:43,"OIS",2412985,2,43251.8,0.0032140457988039
38011,120.8,"Merino town, Colorado","8","",50040,"","","10850040","111400",111400,"C1","0880","0466","Merino",2002-10-18 15:59:43,"OIS",2002-10-18 15:59:43,"OIS",2412985,3,0,0
38016,106,"Peetz town, Colorado","8","",58235,"","","10858235","86300",86300,"C1","1040","0523","Peetz",2002-10-18 15:59:43,"OIS",2002-10-18 15:59:43,"OIS",2413123,2,0,0
38016,106,"Peetz town, Colorado","8","",58235,"","","10858235","86300",86300,"C1","1040","0523","Peetz",2002-10-18 15:59:43,"OIS",2002-10-18 15:59:43,"OIS",2413123,3,0,0
38019,5408.8,"Sterling city, Colorado","8","",73935,"","","10873935","98500",98500,"C1","1255","0612","Sterling",2002-10-18 15:59:43,"OIS",2002-10-18 15:59:43,"OIS",2411978,2,23264068,0.0436665122526404
38019,5408.8,"Sterling city, Colorado","8","",73935,"","","10873935","98500",98500,"C1","1255","0612","Sterling",2002-10-18 15:59:43,"OIS",2002-10-18 15:59:43,"OIS",2411978,3,663685.4,0.00124573340530979
39011,223.2,"Collbran town, Colorado","8","",15605,"","","10815605","144000",144000,"C1","0235","0206","Collbran",2002-10-18 15:59:43,"OIS",2002-10-18 15:59:43,"OIS",2413226,2,0,0
39011,223.2,"Collbran town, Colorado","8","",15605,"","","10815605","144000",144000,"C1","0235","0206","Collbran",2002-10-18 15:59:43,"OIS",2002-10-18 15:59:43,"OIS",2413226,3,0,0
39012,224.2,"De Beque town, Colorado","8","",19355,"","","10819355","137500",137500,"C1","0300","0235","De Beque",2002-10-18 15:59:43,"OIS",2002-10-18 15:59:43,"OIS",2412412,2,274274,0.00889705619982159
39012,224.2,"De Beque town, Colorado","8","",19355,"","","10819355","137500",137500,"C1","0300","0235","De Beque",2002-10-18 15:59:43,"OIS",2002-10-18 15:59:43,"OIS",2412412,3,0,0
39014,5204,"Fruita city, Colorado","8","",28745,"","","10828745","200100",200100,"C1","0505","0305","Fruita",2002-10-18 15:59:43,"OIS",2002-10-18 15:59:43,"OIS",2410553,3,20907245.6,0.0200776299014213
39020,26862.2,"Grand Junction city, Colorado","8","",31660,"","","10831660","205800",205800,"C1","0555","0338","Grand Junction",2002-10-18 15:59:43,"OIS",2002-10-18 15:59:43,"OIS",2410631,2,5563033.8,0.00100629369115972
39034,1292.2,"Palisade town, Colorado","8","",56970,"","","10856970","165700",165700,"C1","1020","0512","Palisade",2002-10-18 15:59:43,"OIS",2002-10-18 15:59:43,"OIS",2413101,2,5926370,0.0276781154874094
39034,1292.2,"Palisade town, Colorado","8","",56970,"","","10856970","165700",165700,"C1","1020","0512","Palisade",2002-10-18 15:59:43,"OIS",2002-10-18 15:59:43,"OIS",2413101,3,0,0
41004,4088.2,"Craig city, Colorado","8","",17760,"","","10817760","172500",172500,"C1","0255","0223","Craig",2002-10-18 15:59:43,"OIS",2002-10-18 15:59:43,"OIS",2410255,2,4641029,0.00658101754856147
41004,4088.2,"Craig city, Colorado","8","",17760,"","","10817760","172500",172500,"C1","0255","0223","Craig",2002-10-18 15:59:43,"OIS",2002-10-18 15:59:43,"OIS",2410255,3,211731.2,0.000300236594681476
41005,175,"Dinosaur town, Colorado","8","",20495,"","","10820495","74300",74300,"C1","0332","0246","Dinosaur",2002-10-18 15:59:43,"OIS",2002-10-18 15:59:43,"OIS",2412432,2,74014.8,0.00569235147087099
41005,175,"Dinosaur town, Colorado","8","",20495,"","","10820495","74300",74300,"C1","0332","0246","Dinosaur",2002-10-18 15:59:43,"OIS",2002-10-18 15:59:43,"OIS",2412432,3,0,0
42004,3904,"Cortez city, Colorado","8","",17375,"","","10817375","152400",152400,"C1","0250","0219","Cortez",2002-10-18 15:59:43,"OIS",2002-10-18 15:59:43,"OIS",2410236,2,4421136,0.00743086033303214
42008,501.6,"Dolores town, Colorado","8","",20770,"","","10820770","166700",166700,"C1","0335","0248","Dolores",2002-10-18 15:59:43,"OIS",2002-10-18 15:59:43,"OIS",2412439,2,85023.6,0.00101682534306536
42008,501.6,"Dolores town, Colorado","8","",20770,"","","10820770","166700",166700,"C1","0335","0248","Dolores",2002-10-18 15:59:43,"OIS",2002-10-18 15:59:43,"OIS",2412439,3,48875,0.000584512284146042
42016,615.8,"Mancos town, Colorado","8","",48115,"","","10848115","186100",186100,"C1","0845","0452","Mancos",2002-10-18 15:59:43,"OIS",2002-10-18 15:59:43,"OIS",2412939,2,163035.6,0.00142264449733936
42016,615.8,"Mancos town, Colorado","8","",48115,"","","10848115","186100",186100,"C1","0845","0452","Mancos",2002-10-18 15:59:43,"OIS",2002-10-18 15:59:43,"OIS",2412939,3,768874.2,0.00670917670604583
43004,8715.2,"Montrose city, Colorado","8","",51745,"","","10851745","177600",177600,"C1","0910","0480","Montrose",2002-10-18 15:59:43,"OIS",2002-10-18 15:59:43,"OIS",2411151,2,2288534.8,0.00147855403710117
43004,8715.2,"Montrose city, Colorado","8","",51745,"","","10851745","177600",177600,"C1","0910","0480","Montrose",2002-10-18 15:59:43,"OIS",2002-10-18 15:59:43,"OIS",2411151,3,1983980,0.00128179026970793
43007,369.4,"Nucla town, Colorado","8","",54935,"","","10854935","115500",115500,"C1","0955","0497","Nucla",2002-10-18 15:59:43,"OIS",2002-10-18 15:59:43,"OIS",2413058,2,124350,0.00291451915707465
43007,369.4,"Nucla town, Colorado","8","",54935,"","","10854935","115500",115500,"C1","0955","0497","Nucla",2002-10-18 15:59:43,"OIS",2002-10-18 15:59:43,"OIS",2413058,3,0,0
43012,634,"Olathe town, Colorado","8","",55540,"","","10855540","96600",96600,"C1","0970","0501","Olathe",2002-10-18 15:59:43,"OIS",2002-10-18 15:59:43,"OIS",2413078,2,1511.4,2.46781746576013e-05
43012,634,"Olathe town, Colorado","8","",55540,"","","10855540","96600",96600,"C1","0970","0501","Olathe",2002-10-18 15:59:43,"OIS",2002-10-18 15:59:43,"OIS",2413078,3,1435419.2,0.0234375583726839
44001,2295,"Brush city, Colorado","8","",9555,"","","10809555","139100",139100,"C1","0150","0164","Brush",2002-10-18 15:59:43,"OIS",2002-10-18 15:59:43,"OIS",2409926,2,74967.6,0.000234835520596928
44001,2295,"Brush city, Colorado","8","",9555,"","","10809555","139100",139100,"C1","0150","0164","Brush",2002-10-18 15:59:43,"OIS",2002-10-18 15:59:43,"OIS",2409926,3,8982000,0.0281360567231925
44006,4281.2,"Fort Morgan city, Colorado","8","",27810,"","","10827810","124300",124300,"C1","0470","0312","Fort Morgan",2002-10-18 15:59:43,"OIS",2002-10-18 15:59:43,"OIS",2410529,2,21580100.6,0.0405524240427324
44006,4281.2,"Fort Morgan city, Colorado","8","",27810,"","","10827810","124300",124300,"C1","0470","0312","Fort Morgan",2002-10-18 15:59:43,"OIS",2002-10-18 15:59:43,"OIS",2410529,3,1966703,0.00369574616450647
44007,124,"Hillrose town, Colorado","8","",36610,"","","10836610","81800",81800,"C1","0620","0368","Hillrose",2002-10-18 15:59:43,"OIS",2002-10-18 15:59:43,"OIS",2412751,2,784589.2,0.0773512500985882
44007,124,"Hillrose town, Colorado","8","",36610,"","","10836610","81800",81800,"C1","0620","0368","Hillrose",2002-10-18 15:59:43,"OIS",2002-10-18 15:59:43,"OIS",2412751,3,61837.4,0.00609643899361148
44009,344,"Log Lane Village town, Colorado","8","",45695,"","","10845695","71100",71100,"C1","0815","0438","Log Lane Village",2002-10-18 15:59:43,"OIS",2002-10-18 15:59:43,"OIS",2412910,2,1855617,0.0758682906486115
44009,344,"Log Lane Village town, Colorado","8","",45695,"","","10845695","71100",71100,"C1","0815","0438","Log Lane Village",2002-10-18 15:59:43,"OIS",2002-10-18 15:59:43,"OIS",2412910,3,61882.8,0.00253012461976254
44016,344.6,"Wiggins town, Colorado","8","",84770,"","","10884770","138000",138000,"C1","1363","0675","Wiggins",2002-10-18 15:59:43,"OIS",2002-10-18 15:59:43,"OIS",2413486,2,3282526.6,0.0690261887338397
44016,344.6,"Wiggins town, Colorado","8","",84770,"","","10884770","138000",138000,"C1","1363","0675","Wiggins",2002-10-18 15:59:43,"OIS",2002-10-18 15:59:43,"OIS",2413486,3,27075.2,0.000569347363462784
45001,115,"Cheraw town, Colorado","8","",13460,"","","10813460","81500",81500,"C1","0205","0189","Cheraw",2002-10-18 15:59:43,"OIS",2002-10-18 15:59:43,"OIS",2413193,2,8684,0.000926540410776207
45001,115,"Cheraw town, Colorado","8","",13460,"","","10813460","81500",81500,"C1","0205","0189","Cheraw",2002-10-18 15:59:43,"OIS",2002-10-18 15:59:43,"OIS",2413193,3,0,0
45004,597,"Fowler town, Colorado","8","",27975,"","","10827975","83700",83700,"C1","0480","0299","Fowler",2002-10-18 15:59:43,"OIS",2002-10-18 15:59:43,"OIS",2412648,2,65462.4,0.00131006285909836
45004,597,"Fowler town, Colorado","8","",27975,"","","10827975","83700",83700,"C1","0480","0299","Fowler",2002-10-18 15:59:43,"OIS",2002-10-18 15:59:43,"OIS",2412648,3,545738.6,0.0109215652135628
45007,3423.2,"La Junta city, Colorado","8","",42110,"","","10842110","91100",91100,"C1","0745","0412","La Junta",2002-10-18 15:59:43,"OIS",2002-10-18 15:59:43,"OIS",2411574,2,7359268.8,0.023598479183432
45007,3423.2,"La Junta city, Colorado","8","",42110,"","","10842110","91100",91100,"C1","0745","0412","La Junta",2002-10-18 15:59:43,"OIS",2002-10-18 15:59:43,"OIS",2411574,3,172162.4,0.000552061750016482
45009,198,"Manzanola town, Colorado","8","",48500,"","","10848500","53900",53900,"C1","0855","0454","Manzanola",2002-10-18 15:59:43,"OIS",2002-10-18 15:59:43,"OIS",2412949,2,104857.4,0.00982528438372594
45009,198,"Manzanola town, Colorado","8","",48500,"","","10848500","53900",53900,"C1","0855","0454","Manzanola",2002-10-18 15:59:43,"OIS",2002-10-18 15:59:43,"OIS",2412949,3,103020.8,0.00965319240643916
45014,1869,"Rocky Ford city, Colorado","8","",65190,"","","10865190","72500",72500,"C1","1135","0567","Rocky Ford",2002-10-18 15:59:43,"OIS",2002-10-18 15:59:43,"OIS",2410983,2,3869231.2,0.028554684968912
45014,1869,"Rocky Ford city, Colorado","8","",65190,"","","10865190","72500",72500,"C1","1135","0567","Rocky Ford",2002-10-18 15:59:43,"OIS",2002-10-18 15:59:43,"OIS",2410983,3,1149645.8,0.00848431431154407
45015,286,"Swink town, Colorado","8","",75970,"","","10875970","104700",104700,"C1","1275","0622","Swink",2002-10-18 15:59:43,"OIS",2002-10-18 15:59:43,"OIS",2413358,2,777342.4,0.0259596983723058
45015,286,"Swink town, Colorado","8","",75970,"","","10875970","104700",104700,"C1","1275","0622","Swink",2002-10-18 15:59:43,"OIS",2002-10-18 15:59:43,"OIS",2413358,3,26180.6,0.000874312888639536
46009,513.2,"Ridgway town, Colorado","8","",64200,"","","10864200","340400",340400,"C1","1120","0561","Ridgway",2002-10-18 15:59:43,"OIS",2002-10-18 15:59:43,"OIS",2412551,2,605471.2,0.00346591007965504
46009,513.2,"Ridgway town, Colorado","8","",64200,"","","10864200","340400",340400,"C1","1120","0561","Ridgway",2002-10-18 15:59:43,"OIS",2002-10-18 15:59:43,"OIS",2412551,3,179409.8,0.00102699886337929
47001,191.8,"Alma town, Colorado","8","",1530,"","","10801530","255800",255800,"C1","0020","0109","Alma",2002-10-18 15:59:43,"OIS",2002-10-18 15:59:43,"OIS",2412350,2,571421.8,0.0116468280012164
47001,191.8,"Alma town, Colorado","8","",1530,"","","10801530","255800",255800,"C1","0020","0109","Alma",2002-10-18 15:59:43,"OIS",2002-10-18 15:59:43,"OIS",2412350,3,100489.8,0.00204820225003078
47005,401.4,"Fairplay town, Colorado","8","",25610,"","","10825610","185600",185600,"C1","0425","0289","Fairplay",2002-10-18 15:59:43,"OIS",2002-10-18 15:59:43,"OIS",2412616,2,294718.6,0.00395596285844372
48004,500.2,"Haxtun town, Colorado","8","",34960,"","","10834960","97600",97600,"C1","0610","0358","Haxtun",2002-10-18 15:59:43,"OIS",2002-10-18 15:59:43,"OIS",2412738,2,0,0
48004,500.2,"Haxtun town, Colorado","8","",34960,"","","10834960","97600",97600,"C1","0610","0358","Haxtun",2002-10-18 15:59:43,"OIS",2002-10-18 15:59:43,"OIS",2412738,3,234355.4,0.00480044457626785
49006,5974.4,"Aspen city, Colorado","8","",3620,"","","10803620","547100",547100,"C1","0045","0121","Aspen",2002-10-18 15:59:43,"OIS",2002-10-18 15:59:43,"OIS",2409743,2,0,0
50007,243,"Granada town, Colorado","8","",31550,"","","10831550","67500",67500,"C1","0545","0336","Granada",2002-10-18 15:59:43,"OIS",2002-10-18 15:59:43,"OIS",2412698,2,424226.4,0.0258635208047554
50007,243,"Granada town, Colorado","8","",31550,"","","10831550","67500",67500,"C1","0545","0336","Granada",2002-10-18 15:59:43,"OIS",2002-10-18 15:59:43,"OIS",2412698,3,0,0
50008,48,"Hartman town, Colorado","8","",34520,"","","10834520","",NA,"C1","0600","0354","Hartman",2002-10-18 15:59:43,"OIS",2002-10-18 15:59:43,"OIS",2412730,2,84907.2,NA
50011,382.4,"Holly town, Colorado","8","",37215,"","","10837215","72500",72500,"C1","0625","0371","Holly",2002-10-18 15:59:43,"OIS",2002-10-18 15:59:43,"OIS",2412764,2,0,0
50011,382.4,"Holly town, Colorado","8","",37215,"","","10837215","72500",72500,"C1","0625","0371","Holly",2002-10-18 15:59:43,"OIS",2002-10-18 15:59:43,"OIS",2412764,3,0,0
50017,196,"Wiley town, Colorado","8","",85045,"","","10885045","57700",57700,"C1","1365","0677","Wiley",2002-10-18 15:59:43,"OIS",2002-10-18 15:59:43,"OIS",2413488,2,441808.2,0.0390662646341032
51016,47844,"Pueblo city, Colorado","8","",62000,"","","10862000","114200",114200,"C1","1085","0547","Pueblo",2002-10-18 15:59:43,"OIS",2002-10-18 15:59:43,"OIS",2411501,2,57003034.6,0.0104328842892934
51016,47844,"Pueblo city, Colorado","8","",62000,"","","10862000","114200",114200,"C1","1085","0547","Pueblo",2002-10-18 15:59:43,"OIS",2002-10-18 15:59:43,"OIS",2411501,3,28876107.4,0.00528500086606632
51018,115,"Rye town, Colorado","8","",66895,"","","10866895","153300",153300,"C1","1150","0574","Rye",2002-10-18 15:59:43,"OIS",2002-10-18 15:59:43,"OIS",2412588,2,494322.2,0.0280394906265067
51018,115,"Rye town, Colorado","8","",66895,"","","10866895","153300",153300,"C1","1150","0574","Rye",2002-10-18 15:59:43,"OIS",2002-10-18 15:59:43,"OIS",2412588,3,0,0
52007,1220.4,"Meeker town, Colorado","8","",49875,"","","10849875","206000",206000,"C1","0875","0464","Meeker",2002-10-18 15:59:43,"OIS",2002-10-18 15:59:43,"OIS",2412977,2,30019.4,0.000119407770172441
52015,1029.8,"Rangely town, Colorado","8","",62880,"","","10862880","167200",167200,"C1","1095","0552","Rangely",2002-10-18 15:59:43,"OIS",2002-10-18 15:59:43,"OIS",2412528,2,960265.6,0.00557702011167682
52015,1029.8,"Rangely town, Colorado","8","",62880,"","","10862880","167200",167200,"C1","1095","0552","Rangely",2002-10-18 15:59:43,"OIS",2002-10-18 15:59:43,"OIS",2412528,3,153259.8,0.00089010060020016
53002,855.8,"Del Norte town, Colorado","8","",19795,"","","10819795","77800",77800,"C1","0310","0239","Del Norte",2002-10-18 15:59:43,"OIS",2002-10-18 15:59:43,"OIS",2412416,2,600492.4,0.00901894287339797
53002,855.8,"Del Norte town, Colorado","8","",19795,"","","10819795","77800",77800,"C1","0310","0239","Del Norte",2002-10-18 15:59:43,"OIS",2002-10-18 15:59:43,"OIS",2412416,3,130101,0.00195401887979257
53005,1972.4,"Monte Vista city, Colorado","8","",51635,"","","10851635","99500",99500,"C1","0900","0478","Monte Vista",2002-10-18 15:59:43,"OIS",2002-10-18 15:59:43,"OIS",2411143,2,1377353,0.00701822334140791
53005,1972.4,"Monte Vista city, Colorado","8","",51635,"","","10851635","99500",99500,"C1","0900","0478","Monte Vista",2002-10-18 15:59:43,"OIS",2002-10-18 15:59:43,"OIS",2411143,3,331778,0.00169055580070297
54010,511.8,"Oak Creek town, Colorado","8","",55155,"","","10855155","162900",162900,"C1","0965","0499","Oak Creek",2002-10-18 15:59:43,"OIS",2002-10-18 15:59:43,"OIS",2413061,2,575931.6,0.00690795567156542
54010,511.8,"Oak Creek town, Colorado","8","",55155,"","","10855155","162900",162900,"C1","0965","0499","Oak Creek",2002-10-18 15:59:43,"OIS",2002-10-18 15:59:43,"OIS",2413061,3,1180367,0.0141577974054187
55004,112.8,"Crestone town, Colorado","8","",18420,"","","10818420","308300",308300,"C1","0275","0227","Crestone",2002-10-18 15:59:43,"OIS",2002-10-18 15:59:43,"OIS",2412387,2,119121.333333333,0.00342536551775963
55004,112.8,"Crestone town, Colorado","8","",18420,"","","10818420","308300",308300,"C1","0275","0227","Crestone",2002-10-18 15:59:43,"OIS",2002-10-18 15:59:43,"OIS",2412387,3,34987.6666666667,0.00100607962984689
56002,503,"Silverton town, Colorado","8","",70580,"","","10870580","223100",223100,"C1","1225","0597","Silverton",2002-10-18 15:59:43,"OIS",2002-10-18 15:59:43,"OIS",2413289,2,152214.2,0.00135639947852107
56002,503,"Silverton town, Colorado","8","",70580,"","","10870580","223100",223100,"C1","1225","0597","Silverton",2002-10-18 15:59:43,"OIS",2002-10-18 15:59:43,"OIS",2413289,3,26112.4,0.000232690811651828
57007,253.4,"Norwood town, Colorado","8","",54880,"","","10854880","168800",168800,"C1","0950","0496","Norwood",2002-10-18 15:59:43,"OIS",2002-10-18 15:59:43,"OIS",2413057,2,875387.4,0.0204654471696772
57008,73.2,"Ophir town, Colorado","8","",55870,"","","10855870","442300",442300,"C1","0980","0503","Ophir",2002-10-18 15:59:43,"OIS",2002-10-18 15:59:43,"OIS",2413085,2,437500,0.0135129458654401
57014,2097,"Telluride town, Colorado","8","",76795,"","","10876795","612500",612500,"C1","1280","0624","Telluride",2002-10-18 15:59:43,"OIS",2002-10-18 15:59:43,"OIS",2413371,2,11330375,0.00882144560256148
57014,2097,"Telluride town, Colorado","8","",76795,"","","10876795","612500",612500,"C1","1280","0624","Telluride",2002-10-18 15:59:43,"OIS",2002-10-18 15:59:43,"OIS",2413371,3,19200,1.49484686578494e-05
57017,23,"Sawpit town, Colorado","8","",68655,"","","10868655","",NA,"C1","1175","0583","Sawpit",2002-10-18 15:59:43,"OIS",2002-10-18 15:59:43,"OIS",2413263,2,0,NA
58004,730.2,"Julesburg town, Colorado","8","",39965,"","","10839965","86400",86400,"C1","0695","0397","Julesburg",2002-10-18 15:59:43,"OIS",2002-10-18 15:59:43,"OIS",2412812,2,1003548.6,0.0159068006482242
58004,730.2,"Julesburg town, Colorado","8","",39965,"","","10839965","86400",86400,"C1","0695","0397","Julesburg",2002-10-18 15:59:43,"OIS",2002-10-18 15:59:43,"OIS",2412812,3,479321.4,0.00759750943424937
58007,176,"Ovid town, Colorado","8","",56475,"","","10856475","51600",51600,"C1","1010","0509","Ovid",2002-10-18 15:59:43,"OIS",2002-10-18 15:59:43,"OIS",2413096,2,77585.2,0.00854312015503876
58007,176,"Ovid town, Colorado","8","",56475,"","","10856475","51600",51600,"C1","1010","0509","Ovid",2002-10-18 15:59:43,"OIS",2002-10-18 15:59:43,"OIS",2413096,3,162.8,1.79263565891473e-05
59004,7077.6,"Breckenridge town, Colorado","8","",8400,"","","10808400","395700",395700,"C1","0125","0158","Breckenridge",2002-10-18 15:59:43,"OIS",2002-10-18 15:59:43,"OIS",2411722,2,491000.6,0.000175319392980589
59009,1290.8,"Dillon town, Colorado","8","",20440,"","","10820440","471700",471700,"C1","0330","0245","Dillon",2002-10-18 15:59:43,"OIS",2002-10-18 15:59:43,"OIS",2412431,2,1587440.4,0.00260718948447417
59009,1290.8,"Dillon town, Colorado","8","",20440,"","","10820440","471700",471700,"C1","0330","0245","Dillon",2002-10-18 15:59:43,"OIS",2002-10-18 15:59:43,"OIS",2412431,3,672236.2,0.00110407115235499
59015,3154.8,"Frisco town, Colorado","8","",28690,"","","10828690","473100",473100,"C1","0500","0304","Frisco",2002-10-18 15:59:43,"OIS",2002-10-18 15:59:43,"OIS",2412661,2,0,0
59018,2105.4,"Silverthorne town, Colorado","8","",70525,"","","10870525","473500",473500,"C1","1222","0596","Silverthorne",2002-10-18 15:59:43,"OIS",2002-10-18 15:59:43,"OIS",2413288,2,0,0
59018,2105.4,"Silverthorne town, Colorado","8","",70525,"","","10870525","473500",473500,"C1","1222","0596","Silverthorne",2002-10-18 15:59:43,"OIS",2002-10-18 15:59:43,"OIS",2413288,3,0,0
60015,3225.6,"Woodland Park city, Colorado","8","",86090,"","","10886090","255500",255500,"C1","1380","0684","Woodland Park",2002-10-18 15:59:43,"OIS",2002-10-18 15:59:43,"OIS",2412303,2,1930331.4,0.00234223496761718
60015,3225.6,"Woodland Park city, Colorado","8","",86090,"","","10886090","255500",255500,"C1","1380","0684","Woodland Park",2002-10-18 15:59:43,"OIS",2002-10-18 15:59:43,"OIS",2412303,3,935130.8,0.00113467358975554
61002,844.4,"Akron town, Colorado","8","",925,"","","10800925","95700",95700,"C1","0010","0105","Akron",2002-10-18 15:59:43,"OIS",2002-10-18 15:59:43,"OIS",2412340,2,244736,0.00302857055172513
61002,844.4,"Akron town, Colorado","8","",925,"","","10800925","95700",95700,"C1","0010","0105","Akron",2002-10-18 15:59:43,"OIS",2002-10-18 15:59:43,"OIS",2412340,3,1719585.8,0.0212796111526081
61006,248,"Otis town, Colorado","8","",56365,"","","10856365","105100",105100,"C1","1000","0507","Otis",2002-10-18 15:59:43,"OIS",2002-10-18 15:59:43,"OIS",2413094,2,40600,0.00155765630275314
62003,616.8,"Ault town, Colorado","8","",3950,"","","10803950","151100",151100,"C1","0050","0125","Ault",2002-10-18 15:59:43,"OIS",2002-10-18 15:59:43,"OIS",2411653,2,0,0
62003,616.8,"Ault town, Colorado","8","",3950,"","","10803950","151100",151100,"C1","0050","0125","Ault",2002-10-18 15:59:43,"OIS",2002-10-18 15:59:43,"OIS",2411653,3,1007890,0.0108144467592175
62007,1583.8,"Dacono city, Colorado","8","",19080,"","","10819080","171000",171000,"C1","0295","0233","Dacono",2002-10-18 15:59:43,"OIS",2002-10-18 15:59:43,"OIS",2410283,2,2406622.4,0.00888610632951027
62008,1729,"Eaton town, Colorado","8","",22860,"","","10822860","223300",223300,"C1","0370","0263","Eaton",2002-10-18 15:59:43,"OIS",2002-10-18 15:59:43,"OIS",2412462,2,1696192.8,0.00439330646019783
62008,1729,"Eaton town, Colorado","8","",22860,"","","10822860","223300",223300,"C1","0370","0263","Eaton",2002-10-18 15:59:43,"OIS",2002-10-18 15:59:43,"OIS",2412462,3,3826081,0.00990992673388318
62011,6847.6,"Evans city, Colorado","8","",25280,"","","10825280","149400",149400,"C1","0415","0285","Evans",2002-10-18 15:59:43,"OIS",2002-10-18 15:59:43,"OIS",2410467,2,581842.2,0.000568743224548407
62011,6847.6,"Evans city, Colorado","8","",25280,"","","10825280","149400",149400,"C1","0415","0285","Evans",2002-10-18 15:59:43,"OIS",2002-10-18 15:59:43,"OIS",2410467,3,576624.8,0.000563643283533886
62012,3657.4,"Firestone town, Colorado","8","",26600,"","","10826600","246000",246000,"C1","0435","0293","Firestone",2002-10-18 15:59:43,"OIS",2002-10-18 15:59:43,"OIS",2412626,2,18944.6,2.10560969830183e-05
62016,3319.2,"Frederick town, Colorado","8","",28360,"","","10828360","243000",243000,"C1","0490","0303","Frederick",2002-10-18 15:59:43,"OIS",2002-10-18 15:59:43,"OIS",2412656,2,445363.2,0.000552172321755354
62020,346,"Gilcrest town, Colorado","8","",29955,"","","10829955","133800",133800,"C1","0525","0322","Gilcrest",2002-10-18 15:59:43,"OIS",2002-10-18 15:59:43,"OIS",2412683,2,308446.6,0.00666266189723252
62020,346,"Gilcrest town, Colorado","8","",29955,"","","10829955","133800",133800,"C1","0525","0322","Gilcrest",2002-10-18 15:59:43,"OIS",2002-10-18 15:59:43,"OIS",2412683,3,64615,0.00139572910996483
62022,36553.4,"Greeley city, Colorado","8","",32155,"","","10832155","173200",173200,"C1","0570","0342","Greeley",2002-10-18 15:59:43,"OIS",2002-10-18 15:59:43,"OIS",2410654,2,87237989.2,0.013779389616717
62022,36553.4,"Greeley city, Colorado","8","",32155,"","","10832155","173200",173200,"C1","0570","0342","Greeley",2002-10-18 15:59:43,"OIS",2002-10-18 15:59:43,"OIS",2410654,3,2123146,0.000335354542389823
62023,90,"Grover town, Colorado","8","",33310,"","","10833310","103100",103100,"C1","0585","0347","Grover",2002-10-18 15:59:43,"OIS",2002-10-18 15:59:43,"OIS",2412712,2,11625.8,0.00125291518482595
62023,90,"Grover town, Colorado","8","",33310,"","","10833310","103100",103100,"C1","0585","0347","Grover",2002-10-18 15:59:43,"OIS",2002-10-18 15:59:43,"OIS",2412712,3,174525.8,0.0188086862808492
62029,561.2,"Hudson town, Colorado","8","",37820,"","","10837820","160200",160200,"C1","0650","0379","Hudson",2002-10-18 15:59:43,"OIS",2002-10-18 15:59:43,"OIS",2412776,2,1444737,0.0160697315276788
62029,561.2,"Hudson town, Colorado","8","",37820,"","","10837820","160200",160200,"C1","0650","0379","Hudson",2002-10-18 15:59:43,"OIS",2002-10-18 15:59:43,"OIS",2412776,3,3479555.2,0.0387029043346565
62033,465.2,"Keenesburg town, Colorado","8","",40185,"","","10840185","169100",169100,"C1","0700","0399","Keenesburg",2002-10-18 15:59:43,"OIS",2002-10-18 15:59:43,"OIS",2412820,2,1031767.8,0.0131159168995944
62033,465.2,"Keenesburg town, Colorado","8","",40185,"","","10840185","169100",169100,"C1","0700","0399","Keenesburg",2002-10-18 15:59:43,"OIS",2002-10-18 15:59:43,"OIS",2412820,3,46939.2,0.000596694960371355
62035,533.4,"Kersey town, Colorado","8","",40515,"","","10840515","148300",148300,"C1","0710","0401","Kersey",2002-10-18 15:59:43,"OIS",2002-10-18 15:59:43,"OIS",2412828,2,22696,0.000286916259540383
62035,533.4,"Kersey town, Colorado","8","",40515,"","","10840515","148300",148300,"C1","0710","0401","Kersey",2002-10-18 15:59:43,"OIS",2002-10-18 15:59:43,"OIS",2412828,3,1455936.2,0.0184055238206485
62037,748.4,"La Salle town, Colorado","8","",43605,"","","10843605","142400",142400,"C1","0775","0413","La Salle",2002-10-18 15:59:43,"OIS",2002-10-18 15:59:43,"OIS",2412856,2,91000,0.000853881539043593
62037,748.4,"La Salle town, Colorado","8","",43605,"","","10843605","142400",142400,"C1","0775","0413","La Salle",2002-10-18 15:59:43,"OIS",2002-10-18 15:59:43,"OIS",2412856,3,0,0
62038,1870.4,"Lochbuie town, Colorado","8","",45530,"","","10845530","152800",152800,"C1","0813","0437","Lochbuie",2002-10-18 15:59:43,"OIS",2002-10-18 15:59:43,"OIS",2412905,2,2147974.6,0.00751573213893828
62038,1870.4,"Lochbuie town, Colorado","8","",45530,"","","10845530","152800",152800,"C1","0813","0437","Lochbuie",2002-10-18 15:59:43,"OIS",2002-10-18 15:59:43,"OIS",2412905,3,269774.4,0.000943936733862119
62040,1295.4,"Mead town, Colorado","8","",49600,"","","10849600","300200",300200,"C1","0865","0463","Mead",2002-10-18 15:59:43,"OIS",2002-10-18 15:59:43,"OIS",2412970,3,2426000,0.00623844306564395
62043,1999.2,"Milliken town, Colorado","8","",50480,"","","10850480","189400",189400,"C1","0885","0471","Milliken",2002-10-18 15:59:43,"OIS",2002-10-18 15:59:43,"OIS",2413000,2,762632.8,0.00201409180356409
62043,1999.2,"Milliken town, Colorado","8","",50480,"","","10850480","189400",189400,"C1","0885","0471","Milliken",2002-10-18 15:59:43,"OIS",2002-10-18 15:59:43,"OIS",2413000,3,3927509.4,0.010372442007426
62045,197.8,"Nunn town, Colorado","8","",55045,"","","10855045","129000",129000,"C1","0960","0498","Nunn",2002-10-18 15:59:43,"OIS",2002-10-18 15:59:43,"OIS",2413059,2,421459.8,0.0165173419239542
62046,337,"Pierce town, Colorado","8","",59005,"","","10859005","124000",124000,"C1","1045","0530","Pierce",2002-10-18 15:59:43,"OIS",2002-10-18 15:59:43,"OIS",2413129,2,0,0
62046,337,"Pierce town, Colorado","8","",59005,"","","10859005","124000",124000,"C1","1045","0530","Pierce",2002-10-18 15:59:43,"OIS",2002-10-18 15:59:43,"OIS",2413129,3,740939.4,0.0177309131808175
62050,940.4,"Platteville town, Colorado","8","",60160,"","","10860160","163300",163300,"C1","1055","0537","Platteville",2002-10-18 15:59:43,"OIS",2002-10-18 15:59:43,"OIS",2412489,2,103000,0.000670715618401103
62050,940.4,"Platteville town, Colorado","8","",60160,"","","10860160","163300",163300,"C1","1055","0537","Platteville",2002-10-18 15:59:43,"OIS",2002-10-18 15:59:43,"OIS",2412489,3,0,0
62051,55,"Raymer (New Raymer) town, Colorado","8","",63045,"","","10863045","75000",75000,"C1","1100","0553","Raymer (a.k.a. New Raymer)",2002-10-18 15:59:43,"OIS",2002-10-18 15:59:43,"OIS",2412533,2,0,0
62053,1201.8,"Severance town, Colorado","8","",69150,"","","10869150","245600",245600,"C1","1195","0589","Severance",2002-10-18 15:59:43,"OIS",2002-10-18 15:59:43,"OIS",2413272,2,72196.4,0.000244599170733585
62053,1201.8,"Severance town, Colorado","8","",69150,"","","10869150","245600",245600,"C1","1195","0589","Severance",2002-10-18 15:59:43,"OIS",2002-10-18 15:59:43,"OIS",2413272,3,245625.2,0.000832170582345808
63003,132,"Eckley town, Colorado","8","",23025,"","","10823025","58500",58500,"C1","0375","0265","Eckley",2002-10-18 15:59:43,"OIS",2002-10-18 15:59:43,"OIS",2412464,2,77500,0.01003626003626
63003,132,"Eckley town, Colorado","8","",23025,"","","10823025","58500",58500,"C1","0375","0265","Eckley",2002-10-18 15:59:43,"OIS",2002-10-18 15:59:43,"OIS",2412464,3,56320,0.00729344729344729
63010,1020.4,"Wray city, Colorado","8","",86310,"","","10886310","130500",130500,"C1","1385","0687","Wray",2002-10-18 15:59:43,"OIS",2002-10-18 15:59:43,"OIS",2412310,2,164971.8,0.00123887860068398
63010,1020.4,"Wray city, Colorado","8","",86310,"","","10886310","130500",130500,"C1","1385","0687","Wray",2002-10-18 15:59:43,"OIS",2002-10-18 15:59:43,"OIS",2412310,3,4279.8,3.21397513708845e-05
63017,1490.2,"Yuma city, Colorado","8","",86750,"","","10886750","120300",120300,"C1","1395","0691","Yuma",2002-10-18 15:59:43,"OIS",2002-10-18 15:59:43,"OIS",2412329,2,0,0
63017,1490.2,"Yuma city, Colorado","8","",86750,"","","10886750","120300",120300,"C1","1395","0691","Yuma",2002-10-18 15:59:43,"OIS",2002-10-18 15:59:43,"OIS",2412329,3,0,0
64009,45203.8,"Arvada city, Colorado","8","",3455,"","","10803455","257300",257300,"C1","0040","0120","Arvada",2002-10-18 15:59:43,"OIS",2002-10-18 15:59:43,"OIS",2409737,2,15298600,0.00131533676320754
64009,45203.8,"Arvada city, Colorado","8","",3455,"","","10803455","257300",257300,"C1","0040","0120","Arvada",2002-10-18 15:59:43,"OIS",2002-10-18 15:59:43,"OIS",2409737,3,0,0
64010,132556,"Aurora city, Colorado","8","",4000,"","","10804000","189100",189100,"C1","0055","0126","Aurora",2002-10-18 15:59:43,"OIS",2002-10-18 15:59:43,"OIS",2409757,2,615150065.6,0.0245408813339463
64010,132556,"Aurora city, Colorado","8","",4000,"","","10804000","189100",189100,"C1","0055","0126","Aurora",2002-10-18 15:59:43,"OIS",2002-10-18 15:59:43,"OIS",2409757,3,47658654.6,0.00190130092229342
64017,1920.4,"Basalt town, Colorado","8","",4935,"","","10804935","480800",480800,"C1","0060","0716","Basalt",2002-10-18 15:59:43,"OIS",2002-10-18 15:59:43,"OIS",2411665,2,656897.6,0.000711445306908814
64030,23372.8,"Broomfield city, Colorado","8","",9280,"","","10809280","295500",295500,"C1","0143","0796","Broomfield",2002-10-18 15:59:43,"OIS",2002-10-18 15:59:43,"OIS",2409919,2,46510000,0.00673407751912125
64030,23372.8,"Broomfield city, Colorado","8","",9280,"","","10809280","295500",295500,"C1","0143","0796","Broomfield",2002-10-18 15:59:43,"OIS",2002-10-18 15:59:43,"OIS",2409919,3,43606761.2,0.00631372415133538
64039,925,"Center town, Colorado","8","",12855,"","","10812855","82200",82200,"C1","0195","0186","Center",2002-10-18 15:59:43,"OIS",2002-10-18 15:59:43,"OIS",2413186,2,0,0
64060,6924.2,"Erie town, Colorado","8","",24950,"","","10824950","353700",353700,"C1","0400","0702","Erie",2002-10-18 15:59:43,"OIS",2002-10-18 15:59:43,"OIS",2412599,2,62501835.2,0.0255204369538894
64060,6924.2,"Erie town, Colorado","8","",24950,"","","10824950","353700",353700,"C1","0400","0702","Erie",2002-10-18 15:59:43,"OIS",2002-10-18 15:59:43,"OIS",2412599,3,23050191.8,0.00941173910693359
64085,19519.8,"Littleton city, Colorado","8","",45255,"","","10845255","284000",284000,"C1","0810","0435","Littleton",2002-10-18 15:59:43,"OIS",2002-10-18 15:59:43,"OIS",2410845,3,36530633,0.00658966738576316
64205,35433,"Longmont city, Colorado","8","",45970,"","","10845970","250400",250400,"C1","0820","0440","Longmont",2002-10-18 15:59:43,"OIS",2002-10-18 15:59:43,"OIS",2410869,2,12063668.4,0.00135968135514546
64205,35433,"Longmont city, Colorado","8","",45970,"","","10845970","250400",250400,"C1","0820","0440","Longmont",2002-10-18 15:59:43,"OIS",2002-10-18 15:59:43,"OIS",2410869,3,15770250.6,0.00177744571516832
64225,7712.2,"Windsor town, Colorado","8","",85485,"","","10885485","298300",298300,"C1","1375","0680","Windsor",2002-10-18 15:59:43,"OIS",2002-10-18 15:59:43,"OIS",2413496,2,1637769.6,0.000711903730329165
64225,7712.2,"Windsor town, Colorado","8","",85485,"","","10885485","298300",298300,"C1","1375","0680","Windsor",2002-10-18 15:59:43,"OIS",2002-10-18 15:59:43,"OIS",2413496,3,1652215.8,0.000718183187261985
64237,2131.4,"Berthoud town, Colorado","8","",6255,"","","10806255","247100",247100,"C1","0080","0139","Berthoud",2002-10-18 15:59:43,"OIS",2002-10-18 15:59:43,"OIS",2411681,2,4299492.2,0.00816355754717565
64237,2131.4,"Berthoud town, Colorado","8","",6255,"","","10806255","247100",247100,"C1","0080","0139","Berthoud",2002-10-18 15:59:43,"OIS",2002-10-18 15:59:43,"OIS",2411681,3,10005000.2,0.0189967538241386
64258,898,"Bennett town, Colorado","8","",6090,"","","10806090","147600",147600,"C1","0075","0727","Bennett",2002-10-18 15:59:43,"OIS",2002-10-18 15:59:43,"OIS",2411676,2,306853.4,0.00231509195381486
64258,898,"Bennett town, Colorado","8","",6090,"","","10806090","147600",147600,"C1","0075","0727","Bennett",2002-10-18 15:59:43,"OIS",2002-10-18 15:59:43,"OIS",2411676,3,214698.8,0.0016198206191416
64263,493,"Central City city, Colorado","8","",12910,"","","10812910","173600",173600,"C1","0200","0187","Central City",2002-10-18 15:59:43,"OIS",2002-10-18 15:59:43,"OIS",2409427,2,661000,0.00772333404997149
64264,43906.8,"Thornton city, Colorado","8","",77290,"","","10877290","219600",219600,"C1","1285","0628","Thornton",2002-10-18 15:59:43,"OIS",2002-10-18 15:59:43,"OIS",2412064,2,64049520.2,0.00664280889942022
64264,43906.8,"Thornton city, Colorado","8","",77290,"","","10877290","219600",219600,"C1","1285","0628","Thornton",2002-10-18 15:59:43,"OIS",2002-10-18 15:59:43,"OIS",2412064,3,832714.6,8.63638624970863e-05
64266,3978.2,"Johnstown town, Colorado","8","",39855,"","","10839855","241300",241300,"C1","0690","0396","Johnstown",2002-10-18 15:59:43,"OIS",2002-10-18 15:59:43,"OIS",2412807,2,2260446.6,0.00235477988272721
64266,3978.2,"Johnstown town, Colorado","8","",39855,"","","10839855","241300",241300,"C1","0690","0396","Johnstown",2002-10-18 15:59:43,"OIS",2002-10-18 15:59:43,"OIS",2412807,3,0,0
