"LG_ID","housingunits","geoname","state","county","place","tract","bg","geonum","b19013001","mhi","FIPS_CLASS_CODE","PLACECE","DOR_CODE","NAME.x","CREATED_ON","CREATED_BY","UPDATED_ON","UPDATED_BY","FEATURE_ID","NAME.y","cost","s5metric"
3033,274.6,"Deer Trail town, Colorado","8","",19630,"","","10819630","36111",36111,"C1","0305","0238","Deer Trail",2002-10-18 15:59:43,"OIS",2002-10-18 15:59:43,"OIS",2412415,"Deer Trail, Town of",251938,0.0254070141382272
3041,15534,"Englewood city, Colorado","8","",24785,"","","10824785","47046",47046,"C1","0395","0281","Englewood",2002-10-18 15:59:43,"OIS",2002-10-18 15:59:43,"OIS",2410441,"Englewood, City of",18179647,0.0248759365883042
3043,2716.2,"Glendale city, Colorado","8","",30340,"","","10830340","37189",37189,"C1","0530","0329","Glendale",2002-10-18 15:59:43,"OIS",2002-10-18 15:59:43,"OIS",2410598,"Glendale, City of",2450356.6,0.0242578913429927
5003,75,"Campo town, Colorado","8","",11645,"","","10811645","",NA,"C1","0170","0178","Campo",2002-10-18 15:59:43,"OIS",2002-10-18 15:59:43,"OIS",2413155,"Campo, Town of",95456.5,NA
5006,76,"Pritchett town, Colorado","8","",61315,"","","10861315","51875",51875,"C1","1075","0543","Pritchett",2002-10-18 15:59:43,"OIS",2002-10-18 15:59:43,"OIS",2412509,"Pritchett, Town of",56239.6,0.0142649587824984
5011,828.8,"Springfield town, Colorado","8","",73330,"","","10873330","33029",33029,"C1","1240","0609","Springfield",2002-10-18 15:59:43,"OIS",2002-10-18 15:59:43,"OIS",2413324,"Springfield, Town of",476894.6,0.0174211667388118
5019,60,"Vilas town, Colorado","8","",81030,"","","10881030","32500",32500,"C1","1315","0648","Vilas",2002-10-18 15:59:43,"OIS",2002-10-18 15:59:43,"OIS",2413433,"Vilas, Town of",24126.3333333333,0.0123724786324786
6005,1214,"Las Animas city, Colorado","8","",43660,"","","10843660","29260",29260,"C1","0780","0424","Las Animas",2002-10-18 15:59:43,"OIS",2002-10-18 15:59:43,"OIS",2411628,"Las Animas, City of",1191537.8,0.0335439974055252
7006,44221,"Boulder city, Colorado","8","",7850,"","","10807850","58484",58484,"C1","0110","0152","Boulder",2002-10-18 15:59:43,"OIS",2002-10-18 15:59:43,"OIS",2409883,"Boulder, City of",31345400,0.0121201554067984
7018,138.2,"Jamestown town, Colorado","8","",39195,"","","10839195","55313",55313,"C1","0685","0391","Jamestown",2002-10-18 15:59:43,"OIS",2002-10-18 15:59:43,"OIS",2412800,"Jamestown, Town of",78587,0.0102805287828773
7020,10348.6,"Lafayette city, Colorado","8","",41835,"","","10841835","70714",70714,"C1","0735","0415","Lafayette",2002-10-18 15:59:43,"OIS",2002-10-18 15:59:43,"OIS",2411592,"Lafayette, City of",8836014.6,0.0120745073424255
7032,892.4,"Lyons town, Colorado","8","",47070,"","","10847070","85577",85577,"C1","0835","0447","Lyons",2002-10-18 15:59:43,"OIS",2002-10-18 15:59:43,"OIS",2412930,"Lyons, Town of",1334387.75,0.0174729175279573
7033,750.8,"Nederland town, Colorado","8","",53175,"","","10853175","60000",60000,"C1","0935","0489","Nederland",2002-10-18 15:59:43,"OIS",2002-10-18 15:59:43,"OIS",2413037,"Nederland, Town of",894608,0.0198589948499378
7042,101,"Ward town, Colorado","8","",82735,"","","10882735","61250",61250,"C1","1340","0658","Ward",2002-10-18 15:59:43,"OIS",2002-10-18 15:59:43,"OIS",2413449,"Ward, Town of",24230,0.00391675085875934
8002,1408.8,"Buena Vista town, Colorado","8","",10105,"","","10810105","43429",43429,"C1","0155","0168","Buena Vista",2002-10-18 15:59:43,"OIS",2002-10-18 15:59:43,"OIS",2411739,"Buena Vista, Town of",613293.6,0.0100239585078514
8006,369.4,"Poncha Springs town, Colorado","8","",60600,"","","10860600","39643",39643,"C1","1065","0539","Poncha Springs",2002-10-18 15:59:43,"OIS",2002-10-18 15:59:43,"OIS",2412495,"Poncha Springs, Town of",297271.2,0.0202996912577401
8007,2951.4,"Salida city, Colorado","8","",67280,"","","10867280","40801",40801,"C1","1160","0576","Salida",2002-10-18 15:59:43,"OIS",2002-10-18 15:59:43,"OIS",2411766,"Salida, City of",2342052.8,0.019449023512205
9007,430.2,"Cheyenne Wells town, Colorado","8","",14175,"","","10814175","43750",43750,"C1","0215","0190","Cheyenne Wells",2002-10-18 15:59:43,"OIS",2002-10-18 15:59:43,"OIS",2413197,"Cheyenne Wells, Town of",334032.8,0.0177476416284784
9013,146,"Kit Carson town, Colorado","8","",41010,"","","10841010","45000",45000,"C1","0720","0406","Kit Carson",2002-10-18 15:59:43,"OIS",2002-10-18 15:59:43,"OIS",2412842,"Kit Carson, Town of",197923,0.0301252663622527
10005,195.6,"Empire town, Colorado","8","",24620,"","","10824620","41250",41250,"C1","0390","0280","Empire",2002-10-18 15:59:43,"OIS",2002-10-18 15:59:43,"OIS",2412485,"Empire, Town of",208015.2,0.0257811489124373
10007,758.8,"Georgetown town, Colorado","8","",29735,"","","10829735","62375",62375,"C1","0520","0321","Georgetown",2002-10-18 15:59:43,"OIS",2002-10-18 15:59:43,"OIS",2412677,"Georgetown, Town of",1298701,0.0274391904525973
10008,934,"Idaho Springs city, Colorado","8","",38370,"","","10838370","46480",46480,"C1","0660","0382","Idaho Springs",2002-10-18 15:59:43,"OIS",2002-10-18 15:59:43,"OIS",2410092,"Idaho Springs, City of",1258280.8,0.0289844173266944
10009,145,"Silver Plume town, Colorado","8","",70360,"","","10870360","42000",42000,"C1","1220","0595","Silver Plume",2002-10-18 15:59:43,"OIS",2002-10-18 15:59:43,"OIS",2413287,"Silver Plume, Town of",277884.4,0.0456296223316913
11010,425,"Manassa town, Colorado","8","",48060,"","","10848060","33375",33375,"C1","0840","0451","Manassa",2002-10-18 15:59:43,"OIS",2002-10-18 15:59:43,"OIS",2412937,"Manassa, Town of",262584.8,0.0185122573254021
13002,88,"Crowley town, Colorado","8","",18750,"","","10818750","27344",27344,"C1","0290","0231","Crowley",2002-10-18 15:59:43,"OIS",2002-10-18 15:59:43,"OIS",2412394,"Crowley, Town of",229219.6,0.0952592225650301
13004,161,"Olney Springs town, Colorado","8","",55705,"","","10855705","31458",31458,"C1","0975","0502","Olney Springs",2002-10-18 15:59:43,"OIS",2002-10-18 15:59:43,"OIS",2413079,"Olney Springs, Town of",168786.5,0.033325810732954
13006,540.8,"Ordway town, Colorado","8","",56145,"","","10856145","27589",27589,"C1","0995","0506","Ordway",2002-10-18 15:59:43,"OIS",2002-10-18 15:59:43,"OIS",2413090,"Ordway, Town of",367987.6,0.0246638313743515
13007,151,"Sugar City town, Colorado","8","",74815,"","","10874815","32500",32500,"C1","1265","0620","Sugar City",2002-10-18 15:59:43,"OIS",2002-10-18 15:59:43,"OIS",2413346,"Sugar City, Town of",187432.2,0.0381930106979114
15003,1181.8,"Cedaredge town, Colorado","8","",12635,"","","10812635","33030",33030,"C1","0190","0185","Cedaredge",2002-10-18 15:59:43,"OIS",2002-10-18 15:59:43,"OIS",2413184,"Cedaredge, Town of",1108681.8,0.0284023554949123
15005,212,"Crawford town, Colorado","8","",17925,"","","10817925","35192",35192,"C1","0260","0224","Crawford",2002-10-18 15:59:43,"OIS",2002-10-18 15:59:43,"OIS",2412382,"Crawford, Town of",234906,0.0314857686352387
15015,3857,"Delta city, Colorado","8","",19850,"","","10819850","42314",42314,"C1","0315","0241","Delta",2002-10-18 15:59:43,"OIS",2002-10-18 15:59:43,"OIS",2410319,"Delta, City of",3138687.2,0.0192315512104898
15020,471,"Hotchkiss town, Colorado","8","",37545,"","","10837545","31818",31818,"C1","0640","0375","Hotchkiss",2002-10-18 15:59:43,"OIS",2002-10-18 15:59:43,"OIS",2412771,"Hotchkiss, Town of",538708.6,0.0359467907908822
15022,1422.8,"Orchard City town, Colorado","8","",55980,"","","10855980","40288",40288,"C1","0985","0505","Orchard City",2002-10-18 15:59:43,"OIS",2002-10-18 15:59:43,"OIS",2413088,"Orchard City, Town of",670643.6,0.0116996324802719
15025,788.8,"Paonia town, Colorado","8","",57300,"","","10857300","40759",40759,"C1","1035","0515","Paonia",2002-10-18 15:59:43,"OIS",2002-10-18 15:59:43,"OIS",2413109,"Paonia, Town of",927330.6,0.0288432482986249
16002,289289.6,"Denver city, Colorado","8","",20000,"","","10820000","53637",53637,"C1","0320","0242","Denver",2002-10-18 15:59:43,"OIS",2002-10-18 15:59:43,"OIS",2410324,"Denver, City And County of",308708800,0.0198953557638625
17003,360,"Dove Creek town, Colorado","8","",21265,"","","10821265","36688",36688,"C1","0340","0250","Dove Creek",2002-10-18 15:59:43,"OIS",2002-10-18 15:59:43,"OIS",2412446,"Dove Creek, Town of",308257.2,0.023339238988225
17007,210.4,"Rico town, Colorado","8","",64090,"","","10864090","31458",31458,"C1","1115","0560","Rico",2002-10-18 15:59:43,"OIS",2002-10-18 15:59:43,"OIS",2412550,"Rico, Town of",167024.2,0.0252349562830711
18003,18300.2,"Castle Rock town, Colorado","8","",12415,"","","10812415","88294",88294,"C1","0185","0184","Castle Rock",2002-10-18 15:59:43,"OIS",2002-10-18 15:59:43,"OIS",2413179,"Castle Rock, Town of",22416785.6,0.0138735086681252
18021,90,"Larkspur town, Colorado","8","",43550,"","","10843550","44688",44688,"C1","0770","0423","Larkspur",2002-10-18 15:59:43,"OIS",2002-10-18 15:59:43,"OIS",2412878,"Larkspur, Town of",220441,0.0548098917929745
19003,3628,"Avon town, Colorado","8","",4110,"","","10804110","48022",48022,"C1","0057","0128","Avon",2002-10-18 15:59:43,"OIS",2002-10-18 15:59:43,"OIS",2411658,"Avon, Town of",530464.8,0.00304473184079495
19009,2425.2,"Eagle town, Colorado","8","",22200,"","","10822200","78066",78066,"C1","0360","0258","Eagle",2002-10-18 15:59:43,"OIS",2002-10-18 15:59:43,"OIS",2412456,"Eagle, Town of",2623151,0.0138552320676619
19020,2258,"Gypsum town, Colorado","8","",33695,"","","10833695","88698",88698,"C1","0595","0351","Gypsum",2002-10-18 15:59:43,"OIS",2002-10-18 15:59:43,"OIS",2412716,"Gypsum, Town of",2218035.6,0.0110746688123019
19024,535,"Minturn town, Colorado","8","",50920,"","","10850920","63947",63947,"C1","0890","0473","Minturn",2002-10-18 15:59:43,"OIS",2002-10-18 15:59:43,"OIS",2413005,"Minturn, Town of",731142,0.0213711442405064
20005,322,"Kiowa town, Colorado","8","",40790,"","","10840790","58750",58750,"C1","0715","0404","Kiowa",2002-10-18 15:59:43,"OIS",2002-10-18 15:59:43,"OIS",2412838,"Kiowa, Town of",562931.6,0.0297571877890842
20006,266,"Simla town, Colorado","8","",70635,"","","10870635","41953",41953,"C1","1230","0598","Simla",2002-10-18 15:59:43,"OIS",2002-10-18 15:59:43,"OIS",2413290,"Simla, Town of",197276.6,0.0176779098844769
21006,349.4,"Calhan town, Colorado","8","",11260,"","","10811260","45179",45179,"C1","0165","0175","Calhan",2002-10-18 15:59:43,"OIS",2002-10-18 15:59:43,"OIS",2413149,"Calhan, Town of",377712.2,0.0239277299216816
21026,9663.2,"Fountain city, Colorado","8","",27865,"","","10827865","57057",57057,"C1","0475","0298","Fountain",2002-10-18 15:59:43,"OIS",2002-10-18 15:59:43,"OIS",2410535,"Fountain, City of",6033567.8,0.0109431989761487
21030,2848.2,"Manitou Springs city, Colorado","8","",48445,"","","10848445","49139",49139,"C1","0850","0453","Manitou Springs",2002-10-18 15:59:43,"OIS",2002-10-18 15:59:43,"OIS",2411021,"Manitou Springs, City of",2085714.8,0.0149024655519524
21032,1921.2,"Monument town, Colorado","8","",51800,"","","10851800","93341",93341,"C1","0915","0481","Monument",2002-10-18 15:59:43,"OIS",2002-10-18 15:59:43,"OIS",2413009,"Monument, Town of",1237576,0.00690123555769398
21034,1099.2,"Palmer Lake town, Colorado","8","",57025,"","","10857025","58621",58621,"C1","1025","0513","Palmer Lake",2002-10-18 15:59:43,"OIS",2002-10-18 15:59:43,"OIS",2413103,"Palmer Lake, Town of",699022.2,0.0108482835003537
21036,68,"Ramah town, Colorado","8","",62660,"","","10862660","31250",31250,"C1","1090","0550","Ramah",2002-10-18 15:59:43,"OIS",2002-10-18 15:59:43,"OIS",2412523,"Ramah, Town of",55092.8,0.0259260235294118
22001,103.2,"Brookside town, Colorado","8","",9115,"","","10809115","47679",47679,"C1","0140","0721","Brookside",2002-10-18 15:59:43,"OIS",2002-10-18 15:59:43,"OIS",2411733,"Brookside, Town of",58211.2,0.0118304078421082
22002,7313,"Caï¿½on City city, Colorado","8","",11810,"","","10811810","38323",38323,"C1","0175","0179","Canon City",2002-10-18 15:59:43,"OIS",2002-10-18 15:59:43,"OIS",2409976,"Canon City, City of",5387233.8,0.0192225390249223
22006,160,"Coal Creek town, Colorado","8","",15330,"","","10815330","40625",40625,"C1","0225","0201","Coal Creek",2002-10-18 15:59:43,"OIS",2002-10-18 15:59:43,"OIS",2413219,"Coal Creek, Town of",128555.4,0.0197777538461538
22011,1747,"Florence city, Colorado","8","",27040,"","","10827040","36220",36220,"C1","0450","0296","Florence",2002-10-18 15:59:43,"OIS",2002-10-18 15:59:43,"OIS",2410510,"Florence, City of",2536923.2,0.0400927613702057
22018,231.8,"Rockvale town, Colorado","8","",64970,"","","10864970","36923",36923,"C1","1130","0566","Rockvale",2002-10-18 15:59:43,"OIS",2002-10-18 15:59:43,"OIS",2412564,"Rockvale, Town of",140280.4,0.0163902879571896
22019,281.2,"Williamsburg town, Colorado","8","",85155,"","","10885155","47417",47417,"C1","1370","0679","Williamsburg",2002-10-18 15:59:43,"OIS",2002-10-18 15:59:43,"OIS",2413490,"Williamsburg, Town of",151653.8,0.0113737560017653
23004,2476.4,"Carbondale town, Colorado","8","",12045,"","","10812045","62770",62770,"C1","0180","0181","Carbondale (was 12030 prior to 1990)",2002-10-18 15:59:43,"OIS",2002-10-18 15:59:43,"OIS",2413166,"Carbondale, Town of",2499547.8,0.0160800917487592
23013,538.8,"Parachute town, Colorado","8","",57400,"","","10857400","32917",32917,"C1","1037","0516","Parachute",2002-10-18 15:59:43,"OIS",2002-10-18 15:59:43,"OIS",2413110,"Parachute, Town of",669318.8,0.0377385482313291
23017,3633.2,"Rifle city, Colorado","8","",64255,"","","10864255","54175",54175,"C1","1125","0562","Rifle",2002-10-18 15:59:43,"OIS",2002-10-18 15:59:43,"OIS",2410947,"Rifle, City of",5127474.8,0.0260504547585841
24001,70,"Black Hawk city, Colorado","8","",7025,"","","10807025","38500",38500,"C1","0090","0143","Black Hawk",2002-10-18 15:59:43,"OIS",2002-10-18 15:59:43,"OIS",2409856,"Black Hawk, City of",3345645,1.241426716141
25006,1104.8,"Fraser town, Colorado","8","",28305,"","","10828305","45938",45938,"C1","0485","0302","Fraser",2002-10-18 15:59:43,"OIS",2002-10-18 15:59:43,"OIS",2412655,"Fraser, Town of",1719808.8,0.0338863207908377
25008,1616.6,"Granby town, Colorado","8","",31605,"","","10831605","50125",50125,"C1","0550","0337","Granby",2002-10-18 15:59:43,"OIS",2002-10-18 15:59:43,"OIS",2412699,"Granby, Town of",1822712.4,0.0224937149887868
25014,943.8,"Grand Lake town, Colorado","8","",31715,"","","10831715","51667",51667,"C1","0560","0339","Grand Lake",2002-10-18 15:59:43,"OIS",2002-10-18 15:59:43,"OIS",2412701,"Grand Lake, Town of",425094.2,0.00871750010201316
25015,318.8,"Hot Sulphur Springs town, Colorado","8","",37600,"","","10837600","50250",50250,"C1","0645","0378","Hot Sulphur Springs",2002-10-18 15:59:43,"OIS",2002-10-18 15:59:43,"OIS",2412770,"Hot Sulphur Springs, Town of",557071.8,0.0347741718009701
25018,697.6,"Kremmling town, Colorado","8","",41560,"","","10841560","58500",58500,"C1","0730","0408","Kremmling",2002-10-18 15:59:43,"OIS",2002-10-18 15:59:43,"OIS",2412848,"Kremmling, Town of",735821.2,0.0180305908413707
26008,2670.2,"Gunnison city, Colorado","8","",33640,"","","10833640","35871",35871,"C1","0590","0350","Gunnison",2002-10-18 15:59:43,"OIS",2002-10-18 15:59:43,"OIS",2410674,"Gunnison, City of",1777903.6,0.0185618361099326
26010,105,"Marble town, Colorado","8","",48555,"","","10848555","64167",64167,"C1","0860","0455","Marble",2002-10-18 15:59:43,"OIS",2002-10-18 15:59:43,"OIS",2412952,"Marble, Town of",333.333333333333,4.94740781804226e-05
28007,567.4,"La Veta town, Colorado","8","",44100,"","","10844100","29792",29792,"C1","0785","0414","La Veta",2002-10-18 15:59:43,"OIS",2002-10-18 15:59:43,"OIS",2412857,"La Veta, Town of",424427.4,0.0251081331090958
30035,7852,"Golden city, Colorado","8","",30835,"","","10830835","58998",58998,"C1","0540","0333","Golden",2002-10-18 15:59:43,"OIS",2002-10-18 15:59:43,"OIS",2410611,"Golden, City of",6805445,0.0146905801844099
30055,66285,"Lakewood city, Colorado","8","",43000,"","","10843000","56954",56954,"C1","0760","0420","Lakewood",2002-10-18 15:59:43,"OIS",2002-10-18 15:59:43,"OIS",2411614,"Lakewood, City of",4710387.2,0.00124771994281865
30067,279.2,"Mountain View town, Colorado","8","",52350,"","","10852350","45714",45714,"C1","0925","0484","Mountain View",2002-10-18 15:59:43,"OIS",2002-10-18 15:59:43,"OIS",2413021,"Mountain View, Town of",58922,0.00461650002074691
31002,352,"Eads town, Colorado","8","",22145,"","","10822145","36150",36150,"C1","0355","0257","Eads",2002-10-18 15:59:43,"OIS",2002-10-18 15:59:43,"OIS",2412454,"Eads, Town of",313619,0.0246462812775053
31003,41,"Haswell town, Colorado","8","",34740,"","","10834740","42500",42500,"C1","0605","0357","Haswell",2002-10-18 15:59:43,"OIS",2002-10-18 15:59:43,"OIS",2412734,"Haswell, Town of",36231.4,0.020792769010043
32001,84,"Bethune town, Colorado","8","",6530,"","","10806530","37500",37500,"C1","0085","0140","Bethune",2002-10-18 15:59:43,"OIS",2002-10-18 15:59:43,"OIS",2411684,"Bethune, Town of",74725.4,0.0237223492063492
32010,328,"Flagler town, Colorado","8","",26765,"","","10826765","26125",26125,"C1","0440","0294","Flagler",2002-10-18 15:59:43,"OIS",2002-10-18 15:59:43,"OIS",2412628,"Flagler, Town of",208669.2,0.0243516396312289
32015,122.8,"Seibert town, Colorado","8","",69040,"","","10869040","",NA,"C1","1190","0588","Seibert",2002-10-18 15:59:43,"OIS",2002-10-18 15:59:43,"OIS",2413270,"Seibert, Town of",134467.8,NA
32020,346,"Stratton town, Colorado","8","",74485,"","","10874485","42632",42632,"C1","1260","0619","Stratton",2002-10-18 15:59:43,"OIS",2002-10-18 15:59:43,"OIS",2413341,"Stratton, Town of",250261.4,0.0169661016121842
32023,61,"Vona town, Colorado","8","",81690,"","","10881690","31250",31250,"C1","1320","0653","Vona",2002-10-18 15:59:43,"OIS",2002-10-18 15:59:43,"OIS",2413437,"Vona, Town of",29486,0.0154680655737705
34005,1004.8,"Bayfield town, Colorado","8","",5265,"","","10805265","64087",64087,"C1","0065","0134","Bayfield",2002-10-18 15:59:43,"OIS",2002-10-18 15:59:43,"OIS",2411667,"Bayfield, Town of",1338107.4,0.0207798019441923
34008,7961.2,"Durango city, Colorado","8","",22035,"","","10822035","57024",57024,"C1","0350","0256","Durango",2002-10-18 15:59:43,"OIS",2002-10-18 15:59:43,"OIS",2410374,"Durango, City of",7079839.6,0.0155950656066321
34015,309.8,"Ignacio town, Colorado","8","",38535,"","","10838535","48333",48333,"C1","0665","0385","Ignacio",2002-10-18 15:59:43,"OIS",2002-10-18 15:59:43,"OIS",2412787,"Ignacio, Town of",676363.8,0.0451705303495092
35004,4164.4,"Estes Park town, Colorado","8","",25115,"","","10825115","54530",54530,"C1","0405","0284","Estes Park",2002-10-18 15:59:43,"OIS",2002-10-18 15:59:43,"OIS",2412603,"Estes Park, Town of",3374915.2,0.0148619203513867
35009,62259.6,"Fort Collins city, Colorado","8","",27425,"","","10827425","55647",55647,"C1","0455","0307","Fort Collins",2002-10-18 15:59:43,"OIS",2002-10-18 15:59:43,"OIS",2410526,"Fort Collins, City of",39159436.6,0.0113028601145747
35026,29454.6,"Loveland city, Colorado","8","",46465,"","","10846465","56277",56277,"C1","0830","0443","Loveland",2002-10-18 15:59:43,"OIS",2002-10-18 15:59:43,"OIS",2410886,"Loveland, City of",19945104.8,0.0120323998396589
35047,2355,"Wellington town, Colorado","8","",83230,"","","10883230","76917",76917,"C1","1345","0664","Wellington",2002-10-18 15:59:43,"OIS",2002-10-18 15:59:43,"OIS",2413464,"Wellington, Town of",2084414,0.0115072283916374
36001,290,"Aguilar town, Colorado","8","",760,"","","10800760","36701",36701,"C1","0005","0104","Aguilar",2002-10-18 15:59:43,"OIS",2002-10-18 15:59:43,"OIS",2412339,"Aguilar, Town of",314918,0.0295884073439698
36002,45,"Branson town, Colorado","8","",8345,"","","10808345","36875",36875,"C1","0120","0157","Branson",2002-10-18 15:59:43,"OIS",2002-10-18 15:59:43,"OIS",2411720,"Branson, Town of",38694.8,0.0233189001883239
36005,47,"Kim town, Colorado","8","",40570,"","","10840570","31875",31875,"C1","0713","0403","Kim",2002-10-18 15:59:43,"OIS",2002-10-18 15:59:43,"OIS",2412834,"Kim, Town of",39968.8,0.0266792156862745
36010,35,"Starkville town, Colorado","8","",73715,"","","10873715","18438",18438,"C1","1245","0610","Starkville",2002-10-18 15:59:43,"OIS",2002-10-18 15:59:43,"OIS",2413331,"Starkville, Town of",22137.8,0.0343046193420421
36011,4365.4,"Trinidad city, Colorado","8","",78610,"","","10878610","43819",43819,"C1","1295","0637","Trinidad",2002-10-18 15:59:43,"OIS",2002-10-18 15:59:43,"OIS",2412094,"Trinidad, City of",3780607.8,0.0197640124899644
37002,129,"Arriba town, Colorado","8","",3235,"","","10803235","36071",36071,"C1","0035","0117","Arriba",2002-10-18 15:59:43,"OIS",2002-10-18 15:59:43,"OIS",2411647,"Arriba, Town of",120813.6,0.0259637807347654
37004,84,"Genoa town, Colorado","8","",29680,"","","10829680","37321",37321,"C1","0515","0320","Genoa",2002-10-18 15:59:43,"OIS",2002-10-18 15:59:43,"OIS",2412675,"Genoa, Town of",109981.4,0.0350821891415659
37006,409.4,"Hugo town, Colorado","8","",37875,"","","10837875","32321",32321,"C1","0655","0380","Hugo",2002-10-18 15:59:43,"OIS",2002-10-18 15:59:43,"OIS",2412778,"Hugo, Town of",204945.4,0.0154883640288437
38002,76,"Crook town, Colorado","8","",18640,"","","10818640","38125",38125,"C1","0285","0230","Crook",2002-10-18 15:59:43,"OIS",2002-10-18 15:59:43,"OIS",2412389,"Crook, Town of",45790,0.0158032786885246
38005,204.4,"Fleming town, Colorado","8","",26875,"","","10826875","41875",41875,"C1","0445","0295","Fleming",2002-10-18 15:59:43,"OIS",2002-10-18 15:59:43,"OIS",2412631,"Fleming, Town of",100708,0.0117659841691737
38007,128.2,"Iliff town, Colorado","8","",38590,"","","10838590","36250",36250,"C1","0670","0386","Iliff",2002-10-18 15:59:43,"OIS",2002-10-18 15:59:43,"OIS",2412788,"Iliff, Town of",75070.4,0.0161537253214266
38011,120.8,"Merino town, Colorado","8","",50040,"","","10850040","39773",39773,"C1","0880","0466","Merino",2002-10-18 15:59:43,"OIS",2002-10-18 15:59:43,"OIS",2412985,"Merino, Town of",82940,0.017262700927099
38016,106,"Peetz town, Colorado","8","",58235,"","","10858235","34750",34750,"C1","1040","0523","Peetz",2002-10-18 15:59:43,"OIS",2002-10-18 15:59:43,"OIS",2413123,"Peetz, Town of",66918.4,0.0181670693633772
38019,5408.8,"Sterling city, Colorado","8","",73935,"","","10873935","35732",35732,"C1","1255","0612","Sterling",2002-10-18 15:59:43,"OIS",2002-10-18 15:59:43,"OIS",2411978,"Sterling, City of",3920222.4,0.020283946557863
39011,223.2,"Collbran town, Colorado","8","",15605,"","","10815605","32361",32361,"C1","0235","0206","Collbran",2002-10-18 15:59:43,"OIS",2002-10-18 15:59:43,"OIS",2413226,"Collbran, Town of",261662,0.0362263461738038
39012,224.2,"De Beque town, Colorado","8","",19355,"","","10819355","44000",44000,"C1","0300","0235","De Beque",2002-10-18 15:59:43,"OIS",2002-10-18 15:59:43,"OIS",2412412,"De Beque, Town of",375451.2,0.0380596869678047
39014,5204,"Fruita city, Colorado","8","",28745,"","","10828745","55864",55864,"C1","0505","0305","Fruita",2002-10-18 15:59:43,"OIS",2002-10-18 15:59:43,"OIS",2410553,"Fruita, City of",1927305.4,0.00662950681368158
39020,26862.2,"Grand Junction city, Colorado","8","",31660,"","","10831660","45358",45358,"C1","0555","0338","Grand Junction",2002-10-18 15:59:43,"OIS",2002-10-18 15:59:43,"OIS",2410631,"Grand Junction, City of",5222199.8,0.00428605765574776
39034,1292.2,"Palisade town, Colorado","8","",56970,"","","10856970","43167",43167,"C1","1020","0512","Palisade",2002-10-18 15:59:43,"OIS",2002-10-18 15:59:43,"OIS",2413101,"Palisade, Town of",1182185.2,0.0211935600157628
41004,4088.2,"Craig city, Colorado","8","",17760,"","","10817760","49590",49590,"C1","0255","0223","Craig",2002-10-18 15:59:43,"OIS",2002-10-18 15:59:43,"OIS",2410255,"Craig, City of",3878923.6,0.0191330842362882
41005,175,"Dinosaur town, Colorado","8","",20495,"","","10820495","42083",42083,"C1","0332","0246","Dinosaur",2002-10-18 15:59:43,"OIS",2002-10-18 15:59:43,"OIS",2412432,"Dinosaur, Town of",155370.6,0.0210971651260604
42004,3904,"Cortez city, Colorado","8","",17375,"","","10817375","42412",42412,"C1","0250","0219","Cortez",2002-10-18 15:59:43,"OIS",2002-10-18 15:59:43,"OIS",2410236,"Cortez, City of",1592426,0.00961746685132417
42008,501.6,"Dolores town, Colorado","8","",20770,"","","10820770","34813",34813,"C1","0335","0248","Dolores",2002-10-18 15:59:43,"OIS",2002-10-18 15:59:43,"OIS",2412439,"Dolores, Town of",436221.4,0.0249808947334977
42016,615.8,"Mancos town, Colorado","8","",48115,"","","10848115","36729",36729,"C1","0845","0452","Mancos",2002-10-18 15:59:43,"OIS",2002-10-18 15:59:43,"OIS",2412939,"Mancos, Town of",650877,0.0287773061033186
43004,8715.2,"Montrose city, Colorado","8","",51745,"","","10851745","41717",41717,"C1","0910","0480","Montrose",2002-10-18 15:59:43,"OIS",2002-10-18 15:59:43,"OIS",2411151,"Montrose, City of",8090414.8,0.0222525795044836
43007,369.4,"Nucla town, Colorado","8","",54935,"","","10854935","30000",30000,"C1","0955","0497","Nucla",2002-10-18 15:59:43,"OIS",2002-10-18 15:59:43,"OIS",2413058,"Nucla, Town of",437923,0.0395166035011731
43012,634,"Olathe town, Colorado","8","",55540,"","","10855540","36569",36569,"C1","0970","0501","Olathe",2002-10-18 15:59:43,"OIS",2002-10-18 15:59:43,"OIS",2413078,"Olathe, Town of",557542,0.0240477941832962
44001,2295,"Brush city, Colorado","8","",9555,"","","10809555","44457",44457,"C1","0150","0164","Brush",2002-10-18 15:59:43,"OIS",2002-10-18 15:59:43,"OIS",2409926,"Brush, City of",1995344,0.0195566713187838
44006,4281.2,"Fort Morgan city, Colorado","8","",27810,"","","10827810","45403",45403,"C1","0470","0312","Fort Morgan",2002-10-18 15:59:43,"OIS",2002-10-18 15:59:43,"OIS",2410529,"Fort Morgan, City of",6149924,0.0316387766255197
44007,124,"Hillrose town, Colorado","8","",36610,"","","10836610","33750",33750,"C1","0620","0368","Hillrose",2002-10-18 15:59:43,"OIS",2002-10-18 15:59:43,"OIS",2412751,"Hillrose, Town of",124351.4,0.029713596176822
44009,344,"Log Lane Village town, Colorado","8","",45695,"","","10845695","35083",35083,"C1","0815","0438","Log Lane Village",2002-10-18 15:59:43,"OIS",2002-10-18 15:59:43,"OIS",2412910,"Log Lane Village, Town of",384593.2,0.0318673855819654
44016,344.6,"Wiggins town, Colorado","8","",84770,"","","10884770","48000",48000,"C1","1363","0675","Wiggins",2002-10-18 15:59:43,"OIS",2002-10-18 15:59:43,"OIS",2413486,"Wiggins, Town of",347213.8,0.0209913547107758
45001,115,"Cheraw town, Colorado","8","",13460,"","","10813460","36429",36429,"C1","0205","0189","Cheraw",2002-10-18 15:59:43,"OIS",2002-10-18 15:59:43,"OIS",2413193,"Cheraw, Town of",99061,0.0236459963216119
45004,597,"Fowler town, Colorado","8","",27975,"","","10827975","30850",30850,"C1","0480","0299","Fowler",2002-10-18 15:59:43,"OIS",2002-10-18 15:59:43,"OIS",2412648,"Fowler, Town of",491869.6,0.0267067156419591
45007,3423.2,"La Junta city, Colorado","8","",42110,"","","10842110","31113",31113,"C1","0745","0412","La Junta",2002-10-18 15:59:43,"OIS",2002-10-18 15:59:43,"OIS",2411574,"La Junta, City of",3684153,0.0345910301094187
45009,198,"Manzanola town, Colorado","8","",48500,"","","10848500","29844",29844,"C1","0855","0454","Manzanola",2002-10-18 15:59:43,"OIS",2002-10-18 15:59:43,"OIS",2412949,"Manzanola, Town of",231781.4,0.0392244046144328
45014,1869,"Rocky Ford city, Colorado","8","",65190,"","","10865190","27088",27088,"C1","1135","0567","Rocky Ford",2002-10-18 15:59:43,"OIS",2002-10-18 15:59:43,"OIS",2410983,"Rocky Ford, City of",1460967.8,0.0288572141227988
45015,286,"Swink town, Colorado","8","",75970,"","","10875970","36932",36932,"C1","1275","0622","Swink",2002-10-18 15:59:43,"OIS",2002-10-18 15:59:43,"OIS",2413358,"Swink, Town of",260444.8,0.0246573744678369
46009,513.2,"Ridgway town, Colorado","8","",64200,"","","10864200","51442",51442,"C1","1120","0561","Ridgway",2002-10-18 15:59:43,"OIS",2002-10-18 15:59:43,"OIS",2412551,"Ridgway, Town of",634616,0.0240384535256515
47001,191.8,"Alma town, Colorado","8","",1530,"","","10801530","45000",45000,"C1","0020","0109","Alma",2002-10-18 15:59:43,"OIS",2002-10-18 15:59:43,"OIS",2412350,"Alma, Town of",199739.6,0.0231421156297069
47005,401.4,"Fairplay town, Colorado","8","",25610,"","","10825610","42457",42457,"C1","0425","0289","Fairplay",2002-10-18 15:59:43,"OIS",2002-10-18 15:59:43,"OIS",2412616,"Fairplay, Town of",422630.8,0.0247990173216551
48004,500.2,"Haxtun town, Colorado","8","",34960,"","","10834960","39167",39167,"C1","0610","0358","Haxtun",2002-10-18 15:59:43,"OIS",2002-10-18 15:59:43,"OIS",2412738,"Haxtun, Town of",244846.4,0.0124976894119928
49006,5974.4,"Aspen city, Colorado","8","",3620,"","","10803620","67164",67164,"C1","0045","0121","Aspen",2002-10-18 15:59:43,"OIS",2002-10-18 15:59:43,"OIS",2409743,"Aspen, City of",7303081.2,0.0182001631115223
50007,243,"Granada town, Colorado","8","",31550,"","","10831550","28173",28173,"C1","0545","0336","Granada",2002-10-18 15:59:43,"OIS",2002-10-18 15:59:43,"OIS",2412698,"Granada, Town of",301607.8,0.0440558109587164
50008,48,"Hartman town, Colorado","8","",34520,"","","10834520","",NA,"C1","0600","0354","Hartman",2002-10-18 15:59:43,"OIS",2002-10-18 15:59:43,"OIS",2412730,"Hartman, Town of",16669.4,NA
50011,382.4,"Holly town, Colorado","8","",37215,"","","10837215","34615",34615,"C1","0625","0371","Holly",2002-10-18 15:59:43,"OIS",2002-10-18 15:59:43,"OIS",2412764,"Holly, Town of",225740,0.0170540016692887
50017,196,"Wiley town, Colorado","8","",85045,"","","10885045","40583",40583,"C1","1365","0677","Wiley",2002-10-18 15:59:43,"OIS",2002-10-18 15:59:43,"OIS",2413488,"Wiley, Town of",NA,NA
51016,47844,"Pueblo city, Colorado","8","",62000,"","","10862000","34550",34550,"C1","1085","0547","Pueblo",2002-10-18 15:59:43,"OIS",2002-10-18 15:59:43,"OIS",2411501,"Pueblo, City of",37126872,0.0224601590480204
51018,115,"Rye town, Colorado","8","",66895,"","","10866895","55938",55938,"C1","1150","0574","Rye",2002-10-18 15:59:43,"OIS",2002-10-18 15:59:43,"OIS",2412588,"Rye, Town of",199215,0.0309682925350582
52007,1220.4,"Meeker town, Colorado","8","",49875,"","","10849875","50054",50054,"C1","0875","0464","Meeker",2002-10-18 15:59:43,"OIS",2002-10-18 15:59:43,"OIS",2412977,"Meeker, Town of",670998.2,0.0109845018641748
52015,1029.8,"Rangely town, Colorado","8","",62880,"","","10862880","68750",68750,"C1","1095","0552","Rangely",2002-10-18 15:59:43,"OIS",2002-10-18 15:59:43,"OIS",2412528,"Rangely, Town of",1465050.6,0.0206931704302689
53002,855.8,"Del Norte town, Colorado","8","",19795,"","","10819795","29032",29032,"C1","0310","0239","Del Norte",2002-10-18 15:59:43,"OIS",2002-10-18 15:59:43,"OIS",2412416,"Del Norte, Town of",579086.8,0.0233074321258904
53005,1972.4,"Monte Vista city, Colorado","8","",51635,"","","10851635","37188",37188,"C1","0900","0478","Monte Vista",2002-10-18 15:59:43,"OIS",2002-10-18 15:59:43,"OIS",2411143,"Monte Vista, City of",1432574,0.0195307647383958
54010,511.8,"Oak Creek town, Colorado","8","",55155,"","","10855155","39773",39773,"C1","0965","0499","Oak Creek",2002-10-18 15:59:43,"OIS",2002-10-18 15:59:43,"OIS",2413061,"Oak Creek, Town of",564101.2,0.0277120332761418
55004,112.8,"Crestone town, Colorado","8","",18420,"","","10818420","25625",25625,"C1","0275","0227","Crestone",2002-10-18 15:59:43,"OIS",2002-10-18 15:59:43,"OIS",2412387,"Crestone, Town of",77758.6666666667,0.0269014588018221
56002,503,"Silverton town, Colorado","8","",70580,"","","10870580","35699",35699,"C1","1225","0597","Silverton",2002-10-18 15:59:43,"OIS",2002-10-18 15:59:43,"OIS",2413289,"Silverton, Town of",490775.2,0.0273311919847619
57007,253.4,"Norwood town, Colorado","8","",54880,"","","10854880","41094",41094,"C1","0950","0496","Norwood",2002-10-18 15:59:43,"OIS",2002-10-18 15:59:43,"OIS",2413057,"Norwood, Town of",406306.8,0.0390183646948154
57008,73.2,"Ophir town, Colorado","8","",55870,"","","10855870","70000",70000,"C1","0980","0503","Ophir",2002-10-18 15:59:43,"OIS",2002-10-18 15:59:43,"OIS",2413085,"Ophir, Town of",53733,0.0104865339578454
57014,2097,"Telluride town, Colorado","8","",76795,"","","10876795","62000",62000,"C1","1280","0624","Telluride",2002-10-18 15:59:43,"OIS",2002-10-18 15:59:43,"OIS",2413371,"Telluride, Town of",1965769.8,0.0151196778808436
57017,23,"Sawpit town, Colorado","8","",68655,"","","10868655","",NA,"C1","1175","0583","Sawpit",2002-10-18 15:59:43,"OIS",2002-10-18 15:59:43,"OIS",2413263,"Sawpit, Town of",7746.4,NA
58004,730.2,"Julesburg town, Colorado","8","",39965,"","","10839965","41500",41500,"C1","0695","0397","Julesburg",2002-10-18 15:59:43,"OIS",2002-10-18 15:59:43,"OIS",2412812,"Julesburg, Town of",484917.6,0.0160021383809684
58007,176,"Ovid town, Colorado","8","",56475,"","","10856475","25417",25417,"C1","1010","0509","Ovid",2002-10-18 15:59:43,"OIS",2002-10-18 15:59:43,"OIS",2413096,"Ovid, Town of",93449.4,0.0208900539009324
59004,7077.6,"Breckenridge town, Colorado","8","",8400,"","","10808400","61394",61394,"C1","0125","0158","Breckenridge",2002-10-18 15:59:43,"OIS",2002-10-18 15:59:43,"OIS",2411722,"Breckenridge, Town of",3188415.6,0.00733775118474138
59009,1290.8,"Dillon town, Colorado","8","",20440,"","","10820440","54688",54688,"C1","0330","0245","Dillon",2002-10-18 15:59:43,"OIS",2002-10-18 15:59:43,"OIS",2412431,"Dillon, Town of",1362984,0.0193081098027668
59015,3154.8,"Frisco town, Colorado","8","",28690,"","","10828690","70893",70893,"C1","0500","0304","Frisco",2002-10-18 15:59:43,"OIS",2002-10-18 15:59:43,"OIS",2412661,"Frisco, Town of",884369.2,0.00395419808912723
59018,2105.4,"Silverthorne town, Colorado","8","",70525,"","","10870525","70938",70938,"C1","1222","0596","Silverthorne",2002-10-18 15:59:43,"OIS",2002-10-18 15:59:43,"OIS",2413288,"Silverthorne, Town of",2862705.6,0.0191673965957501
60015,3225.6,"Woodland Park city, Colorado","8","",86090,"","","10886090","64945",64945,"C1","1380","0684","Woodland Park",2002-10-18 15:59:43,"OIS",2002-10-18 15:59:43,"OIS",2412303,"Woodland Park, City of",2717976,0.0129744628238546
61002,844.4,"Akron town, Colorado","8","",925,"","","10800925","40972",40972,"C1","0010","0105","Akron",2002-10-18 15:59:43,"OIS",2002-10-18 15:59:43,"OIS",2412340,"Akron, Town of",515059.6,0.0148875110744485
61006,248,"Otis town, Colorado","8","",56365,"","","10856365","38977",38977,"C1","1000","0507","Otis",2002-10-18 15:59:43,"OIS",2002-10-18 15:59:43,"OIS",2413094,"Otis, Town of",117879.8,0.0121949296814416
62003,616.8,"Ault town, Colorado","8","",3950,"","","10803950","50368",50368,"C1","0050","0125","Ault",2002-10-18 15:59:43,"OIS",2002-10-18 15:59:43,"OIS",2411653,"Ault, Town of",726522.2,0.0233856700546494
62007,1583.8,"Dacono city, Colorado","8","",19080,"","","10819080","48516",48516,"C1","0295","0233","Dacono",2002-10-18 15:59:43,"OIS",2002-10-18 15:59:43,"OIS",2410283,"Dacono, City of",1096314.4,0.0142675627916262
62008,1729,"Eaton town, Colorado","8","",22860,"","","10822860","69242",69242,"C1","0370","0263","Eaton",2002-10-18 15:59:43,"OIS",2002-10-18 15:59:43,"OIS",2412462,"Eaton, Town of",1732128,0.0144682293727823
62011,6847.6,"Evans city, Colorado","8","",25280,"","","10825280","47791",47791,"C1","0415","0285","Evans",2002-10-18 15:59:43,"OIS",2002-10-18 15:59:43,"OIS",2410467,"Evans, City of",6030536.2,0.0184277124808712
62012,3657.4,"Firestone town, Colorado","8","",26600,"","","10826600","81745",81745,"C1","0435","0293","Firestone",2002-10-18 15:59:43,"OIS",2002-10-18 15:59:43,"OIS",2412626,"Firestone, Town of",2076628.4,0.00694584568499988
62016,3319.2,"Frederick town, Colorado","8","",28360,"","","10828360","89386",89386,"C1","0490","0303","Frederick",2002-10-18 15:59:43,"OIS",2002-10-18 15:59:43,"OIS",2412656,"Frederick, Town of",2426139.6,0.00817735518020028
62020,346,"Gilcrest town, Colorado","8","",29955,"","","10829955","46875",46875,"C1","0525","0322","Gilcrest",2002-10-18 15:59:43,"OIS",2002-10-18 15:59:43,"OIS",2412683,"Gilcrest, Town of",348132.4,0.0214648107899807
62022,36553.4,"Greeley city, Colorado","8","",32155,"","","10832155","48813",48813,"C1","0570","0342","Greeley",2002-10-18 15:59:43,"OIS",2002-10-18 15:59:43,"OIS",2410654,"Greeley, City of",31933214.8,0.0178969639626083
62023,90,"Grover town, Colorado","8","",33310,"","","10833310","",NA,"C1","0585","0347","Grover",2002-10-18 15:59:43,"OIS",2002-10-18 15:59:43,"OIS",2412712,"Grover, Town of",118466.8,NA
62029,561.2,"Hudson town, Colorado","8","",37820,"","","10837820","49306",49306,"C1","0650","0379","Hudson",2002-10-18 15:59:43,"OIS",2002-10-18 15:59:43,"OIS",2412776,"Hudson, Town of",1182842,0.0427473604478342
62033,465.2,"Keenesburg town, Colorado","8","",40185,"","","10840185","53264",53264,"C1","0700","0399","Keenesburg",2002-10-18 15:59:43,"OIS",2002-10-18 15:59:43,"OIS",2412820,"Keenesburg, Town of",519239,0.0209552970237061
62035,533.4,"Kersey town, Colorado","8","",40515,"","","10840515","55179",55179,"C1","0710","0401","Kersey",2002-10-18 15:59:43,"OIS",2002-10-18 15:59:43,"OIS",2412828,"Kersey, Town of",599583.8,0.0203715021133151
62037,748.4,"La Salle town, Colorado","8","",43605,"","","10843605","48906",48906,"C1","0775","0413","La Salle",2002-10-18 15:59:43,"OIS",2002-10-18 15:59:43,"OIS",2412856,"La Salle, Town of",893555.4,0.0244132479146122
62038,1870.4,"Lochbuie town, Colorado","8","",45530,"","","10845530","49415",49415,"C1","0813","0437","Lochbuie",2002-10-18 15:59:43,"OIS",2002-10-18 15:59:43,"OIS",2412905,"Lochbuie, Town of",2062482.8,0.0223150077463206
62040,1295.4,"Mead town, Colorado","8","",49600,"","","10849600","95033",95033,"C1","0865","0463","Mead",2002-10-18 15:59:43,"OIS",2002-10-18 15:59:43,"OIS",2412970,"Mead, Town of",497127,0.00403821110930058
62043,1999.2,"Milliken town, Colorado","8","",50480,"","","10850480","72273",72273,"C1","0885","0471","Milliken",2002-10-18 15:59:43,"OIS",2002-10-18 15:59:43,"OIS",2413000,"Milliken, Town of",1798849.8,0.012449805790898
62045,197.8,"Nunn town, Colorado","8","",55045,"","","10855045","50455",50455,"C1","0960","0498","Nunn",2002-10-18 15:59:43,"OIS",2002-10-18 15:59:43,"OIS",2413059,"Nunn, Town of",173417.8,0.017376534807268
62046,337,"Pierce town, Colorado","8","",59005,"","","10859005","57917",57917,"C1","1045","0530","Pierce",2002-10-18 15:59:43,"OIS",2002-10-18 15:59:43,"OIS",2413129,"Pierce, Town of",403139.6,0.0206547290200255
62050,940.4,"Platteville town, Colorado","8","",60160,"","","10860160","57227",57227,"C1","1055","0537","Platteville",2002-10-18 15:59:43,"OIS",2002-10-18 15:59:43,"OIS",2412489,"Platteville, Town of",1060334.6,0.0197028628003708
62051,55,"Raymer (New Raymer) town, Colorado","8","",63045,"","","10863045","51875",51875,"C1","1100","0553","Raymer (a.k.a. New Raymer)",2002-10-18 15:59:43,"OIS",2002-10-18 15:59:43,"OIS",2412533,"Raymer, Town of",16995.2,0.00595669660460022
62053,1201.8,"Severance town, Colorado","8","",69150,"","","10869150","85625",85625,"C1","1195","0589","Severance",2002-10-18 15:59:43,"OIS",2002-10-18 15:59:43,"OIS",2413272,"Severance, Town of",965823.6,0.00938566456884017
63003,132,"Eckley town, Colorado","8","",23025,"","","10823025","38375",38375,"C1","0375","0265","Eckley",2002-10-18 15:59:43,"OIS",2002-10-18 15:59:43,"OIS",2412464,"Eckley, Town of",159994.6,0.0315851544763597
63010,1020.4,"Wray city, Colorado","8","",86310,"","","10886310","40850",40850,"C1","1385","0687","Wray",2002-10-18 15:59:43,"OIS",2002-10-18 15:59:43,"OIS",2412310,"Wray, City of",507122.8,0.0121660788218986
63017,1490.2,"Yuma city, Colorado","8","",86750,"","","10886750","37123",37123,"C1","1395","0691","Yuma",2002-10-18 15:59:43,"OIS",2002-10-18 15:59:43,"OIS",2412329,"Yuma, City of",889826.2,0.0160848703443431
64009,45203.8,"Arvada city, Colorado","8","",3455,"","","10803455","69938",69938,"C1","0040","0120","Arvada",2002-10-18 15:59:43,"OIS",2002-10-18 15:59:43,"OIS",2409737,"Arvada, City of",29494600,0.00932941381896976
64010,132556,"Aurora city, Colorado","8","",4000,"","","10804000","53011",53011,"C1","0055","0126","Aurora",2002-10-18 15:59:43,"OIS",2002-10-18 15:59:43,"OIS",2409757,"Aurora, City of",116236292.4,0.0165415560774625
64017,1920.4,"Basalt town, Colorado","8","",4935,"","","10804935","69583",69583,"C1","0060","0716","Basalt",2002-10-18 15:59:43,"OIS",2002-10-18 15:59:43,"OIS",2411665,"Basalt, Town of",747589.6,0.00559459180498599
64030,23372.8,"Broomfield city, Colorado","8","",9280,"","","10809280","81898",81898,"C1","0143","0796","Broomfield",2002-10-18 15:59:43,"OIS",2002-10-18 15:59:43,"OIS",2409919,"Broomfield, City and County of",31678922.6,0.0165495566488791
64039,925,"Center town, Colorado","8","",12855,"","","10812855","25130",25130,"C1","0195","0186","Center",2002-10-18 15:59:43,"OIS",2002-10-18 15:59:43,"OIS",2413186,"Center, Town of",355330,0.0152861337262451
64060,6924.2,"Erie town, Colorado","8","",24950,"","","10824950","111745",111745,"C1","0400","0702","Erie",2002-10-18 15:59:43,"OIS",2002-10-18 15:59:43,"OIS",2412599,"Erie, Town of",8670311.8,0.0112056489369636
64085,19519.8,"Littleton city, Colorado","8","",45255,"","","10845255","65221",65221,"C1","0810","0435","Littleton",2002-10-18 15:59:43,"OIS",2002-10-18 15:59:43,"OIS",2410845,"Littleton, City of",8476432,0.00665809926073103
64205,35433,"Longmont city, Colorado","8","",45970,"","","10845970","62208",62208,"C1","0820","0440","Longmont",2002-10-18 15:59:43,"OIS",2002-10-18 15:59:43,"OIS",2410869,"Longmont, City of",22779666.2,0.0103345885968464
64225,7712.2,"Windsor town, Colorado","8","",85485,"","","10885485","80512",80512,"C1","1375","0680","Windsor",2002-10-18 15:59:43,"OIS",2002-10-18 15:59:43,"OIS",2413496,"Windsor, Town of",5576957.2,0.00898169726767026
64237,2131.4,"Berthoud town, Colorado","8","",6255,"","","10806255","59477",59477,"C1","0080","0139","Berthoud",2002-10-18 15:59:43,"OIS",2002-10-18 15:59:43,"OIS",2411681,"Berthoud, Town of",2784123.6,0.0219621319006994
64258,898,"Bennett town, Colorado","8","",6090,"","","10806090","50750",50750,"C1","0075","0727","Bennett",2002-10-18 15:59:43,"OIS",2002-10-18 15:59:43,"OIS",2411676,"Bennett, Town of",1000908.6,0.0219625133026869
64263,493,"Central City city, Colorado","8","",12910,"","","10812910","47132",47132,"C1","0200","0187","Central City",2002-10-18 15:59:43,"OIS",2002-10-18 15:59:43,"OIS",2409427,"Central City",871177.6,0.0374924578487349
64264,43906.8,"Thornton city, Colorado","8","",77290,"","","10877290","66948",66948,"C1","1285","0628","Thornton",2002-10-18 15:59:43,"OIS",2002-10-18 15:59:43,"OIS",2412064,"Thornton, City of",38681792.4,0.0131594335736584
64266,3978.2,"Johnstown town, Colorado","8","",39855,"","","10839855","81313",81313,"C1","0690","0396","Johnstown",2002-10-18 15:59:43,"OIS",2002-10-18 15:59:43,"OIS",2412807,"Johnstown, Town of",2696067.6,0.00833458883325918
