"LG_ID","housingunits","geoname","state","county","place","tract","bg","geonum","b19013001","mhi","FIPS_CLASS_CODE","PLACECE","DOR_CODE","NAME.x","CREATED_ON","CREATED_BY","UPDATED_ON","UPDATED_BY","FEATURE_ID","NAME.y","CM_FUND_TYPE_ID","cost","s5metric"
3033,274.6,"Deer Trail town, Colorado","8","",19630,"","","10819630","36111",36111,"C1","0305","0238","Deer Trail",2002-10-18 15:59:43,"OIS",2002-10-18 15:59:43,"OIS",2412415,"Deer Trail, Town of",2,115437,0.0116413938789485
3033,274.6,"Deer Trail town, Colorado","8","",19630,"","","10819630","36111",36111,"C1","0305","0238","Deer Trail",2002-10-18 15:59:43,"OIS",2002-10-18 15:59:43,"OIS",2412415,"Deer Trail, Town of",3,136501,0.0137656202592786
3041,15534,"Englewood city, Colorado","8","",24785,"","","10824785","47046",47046,"C1","0395","0281","Englewood",2002-10-18 15:59:43,"OIS",2002-10-18 15:59:43,"OIS",2410441,"Englewood, City of",2,7332620.8,0.0100335177050952
3041,15534,"Englewood city, Colorado","8","",24785,"","","10824785","47046",47046,"C1","0395","0281","Englewood",2002-10-18 15:59:43,"OIS",2002-10-18 15:59:43,"OIS",2410441,"Englewood, City of",3,10847026.2,0.014842418883209
3043,2716.2,"Glendale city, Colorado","8","",30340,"","","10830340","37189",37189,"C1","0530","0329","Glendale",2002-10-18 15:59:43,"OIS",2002-10-18 15:59:43,"OIS",2410598,"Glendale, City of",2,1605321.8,0.0158922671887583
3043,2716.2,"Glendale city, Colorado","8","",30340,"","","10830340","37189",37189,"C1","0530","0329","Glendale",2002-10-18 15:59:43,"OIS",2002-10-18 15:59:43,"OIS",2410598,"Glendale, City of",3,845034.8,0.00836562415423434
5003,75,"Campo town, Colorado","8","",11645,"","","10811645","",NA,"C1","0170","0178","Campo",2002-10-18 15:59:43,"OIS",2002-10-18 15:59:43,"OIS",2413155,"Campo, Town of",2,95456.5,NA
5006,76,"Pritchett town, Colorado","8","",61315,"","","10861315","51875",51875,"C1","1075","0543","Pritchett",2002-10-18 15:59:43,"OIS",2002-10-18 15:59:43,"OIS",2412509,"Pritchett, Town of",2,43758.8,0.0110992517438174
5006,76,"Pritchett town, Colorado","8","",61315,"","","10861315","51875",51875,"C1","1075","0543","Pritchett",2002-10-18 15:59:43,"OIS",2002-10-18 15:59:43,"OIS",2412509,"Pritchett, Town of",3,12480.8,0.00316570703868104
5011,828.8,"Springfield town, Colorado","8","",73330,"","","10873330","33029",33029,"C1","1240","0609","Springfield",2002-10-18 15:59:43,"OIS",2002-10-18 15:59:43,"OIS",2413324,"Springfield, Town of",2,318165.8,0.0116227347770083
5011,828.8,"Springfield town, Colorado","8","",73330,"","","10873330","33029",33029,"C1","1240","0609","Springfield",2002-10-18 15:59:43,"OIS",2002-10-18 15:59:43,"OIS",2413324,"Springfield, Town of",3,158728.8,0.00579843196180354
5019,60,"Vilas town, Colorado","8","",81030,"","","10881030","32500",32500,"C1","1315","0648","Vilas",2002-10-18 15:59:43,"OIS",2002-10-18 15:59:43,"OIS",2413433,"Vilas, Town of",2,24126.3333333333,0.0123724786324786
6005,1214,"Las Animas city, Colorado","8","",43660,"","","10843660","29260",29260,"C1","0780","0424","Las Animas",2002-10-18 15:59:43,"OIS",2002-10-18 15:59:43,"OIS",2411628,"Las Animas, City of",2,733885.2,0.0206602285254847
6005,1214,"Las Animas city, Colorado","8","",43660,"","","10843660","29260",29260,"C1","0780","0424","Las Animas",2002-10-18 15:59:43,"OIS",2002-10-18 15:59:43,"OIS",2411628,"Las Animas, City of",3,457652.6,0.0128837688800404
7006,44221,"Boulder city, Colorado","8","",7850,"","","10807850","58484",58484,"C1","0110","0152","Boulder",2002-10-18 15:59:43,"OIS",2002-10-18 15:59:43,"OIS",2409883,"Boulder, City of",2,18819600,0.00727687241808314
7006,44221,"Boulder city, Colorado","8","",7850,"","","10807850","58484",58484,"C1","0110","0152","Boulder",2002-10-18 15:59:43,"OIS",2002-10-18 15:59:43,"OIS",2409883,"Boulder, City of",3,12525800,0.00484328298871527
7018,138.2,"Jamestown town, Colorado","8","",39195,"","","10839195","55313",55313,"C1","0685","0391","Jamestown",2002-10-18 15:59:43,"OIS",2002-10-18 15:59:43,"OIS",2412800,"Jamestown, Town of",2,78587,0.0102805287828773
7020,10348.6,"Lafayette city, Colorado","8","",41835,"","","10841835","70714",70714,"C1","0735","0415","Lafayette",2002-10-18 15:59:43,"OIS",2002-10-18 15:59:43,"OIS",2411592,"Lafayette, City of",2,5969858,0.0081578740549204
7020,10348.6,"Lafayette city, Colorado","8","",41835,"","","10841835","70714",70714,"C1","0735","0415","Lafayette",2002-10-18 15:59:43,"OIS",2002-10-18 15:59:43,"OIS",2411592,"Lafayette, City of",3,2866156.6,0.00391663328750514
7032,892.4,"Lyons town, Colorado","8","",47070,"","","10847070","85577",85577,"C1","0835","0447","Lyons",2002-10-18 15:59:43,"OIS",2002-10-18 15:59:43,"OIS",2412930,"Lyons, Town of",2,764330,0.0100083915294813
7032,892.4,"Lyons town, Colorado","8","",47070,"","","10847070","85577",85577,"C1","0835","0447","Lyons",2002-10-18 15:59:43,"OIS",2002-10-18 15:59:43,"OIS",2412930,"Lyons, Town of",3,570057.75,0.00746452599847602
7033,750.8,"Nederland town, Colorado","8","",53175,"","","10853175","60000",60000,"C1","0935","0489","Nederland",2002-10-18 15:59:43,"OIS",2002-10-18 15:59:43,"OIS",2413037,"Nederland, Town of",2,433781.4,0.00962931539690996
7033,750.8,"Nederland town, Colorado","8","",53175,"","","10853175","60000",60000,"C1","0935","0489","Nederland",2002-10-18 15:59:43,"OIS",2002-10-18 15:59:43,"OIS",2413037,"Nederland, Town of",3,460826.6,0.0102296794530279
7042,101,"Ward town, Colorado","8","",82735,"","","10882735","61250",61250,"C1","1340","0658","Ward",2002-10-18 15:59:43,"OIS",2002-10-18 15:59:43,"OIS",2413449,"Ward, Town of",2,24230,0.00391675085875934
8002,1408.8,"Buena Vista town, Colorado","8","",10105,"","","10810105","43429",43429,"C1","0155","0168","Buena Vista",2002-10-18 15:59:43,"OIS",2002-10-18 15:59:43,"OIS",2411739,"Buena Vista, Town of",2,613293.6,0.0100239585078514
8006,369.4,"Poncha Springs town, Colorado","8","",60600,"","","10860600","39643",39643,"C1","1065","0539","Poncha Springs",2002-10-18 15:59:43,"OIS",2002-10-18 15:59:43,"OIS",2412495,"Poncha Springs, Town of",2,231772.2,0.015826975846053
8006,369.4,"Poncha Springs town, Colorado","8","",60600,"","","10860600","39643",39643,"C1","1065","0539","Poncha Springs",2002-10-18 15:59:43,"OIS",2002-10-18 15:59:43,"OIS",2412495,"Poncha Springs, Town of",3,109165,0.00745452568614517
8007,2951.4,"Salida city, Colorado","8","",67280,"","","10867280","40801",40801,"C1","1160","0576","Salida",2002-10-18 15:59:43,"OIS",2002-10-18 15:59:43,"OIS",2411766,"Salida, City of",2,1115051.2,0.00925967894750808
8007,2951.4,"Salida city, Colorado","8","",67280,"","","10867280","40801",40801,"C1","1160","0576","Salida",2002-10-18 15:59:43,"OIS",2002-10-18 15:59:43,"OIS",2411766,"Salida, City of",3,1227001.6,0.0101893445646969
9007,430.2,"Cheyenne Wells town, Colorado","8","",14175,"","","10814175","43750",43750,"C1","0215","0190","Cheyenne Wells",2002-10-18 15:59:43,"OIS",2002-10-18 15:59:43,"OIS",2413197,"Cheyenne Wells, Town of",2,334032.8,0.0177476416284784
9013,146,"Kit Carson town, Colorado","8","",41010,"","","10841010","45000",45000,"C1","0720","0406","Kit Carson",2002-10-18 15:59:43,"OIS",2002-10-18 15:59:43,"OIS",2412842,"Kit Carson, Town of",2,197923,0.0301252663622527
10005,195.6,"Empire town, Colorado","8","",24620,"","","10824620","41250",41250,"C1","0390","0280","Empire",2002-10-18 15:59:43,"OIS",2002-10-18 15:59:43,"OIS",2412485,"Empire, Town of",2,92119.6,0.0114171903079879
10005,195.6,"Empire town, Colorado","8","",24620,"","","10824620","41250",41250,"C1","0390","0280","Empire",2002-10-18 15:59:43,"OIS",2002-10-18 15:59:43,"OIS",2412485,"Empire, Town of",3,115895.6,0.0143639586044494
10007,758.8,"Georgetown town, Colorado","8","",29735,"","","10829735","62375",62375,"C1","0520","0321","Georgetown",2002-10-18 15:59:43,"OIS",2002-10-18 15:59:43,"OIS",2412677,"Georgetown, Town of",2,618505.2,0.0130678901292305
10007,758.8,"Georgetown town, Colorado","8","",29735,"","","10829735","62375",62375,"C1","0520","0321","Georgetown",2002-10-18 15:59:43,"OIS",2002-10-18 15:59:43,"OIS",2412677,"Georgetown, Town of",3,680195.8,0.0143713003233668
10008,934,"Idaho Springs city, Colorado","8","",38370,"","","10838370","46480",46480,"C1","0660","0382","Idaho Springs",2002-10-18 15:59:43,"OIS",2002-10-18 15:59:43,"OIS",2410092,"Idaho Springs, City of",2,655995.2,0.0151108072547148
10008,934,"Idaho Springs city, Colorado","8","",38370,"","","10838370","46480",46480,"C1","0660","0382","Idaho Springs",2002-10-18 15:59:43,"OIS",2002-10-18 15:59:43,"OIS",2410092,"Idaho Springs, City of",3,602285.6,0.0138736100719796
10009,145,"Silver Plume town, Colorado","8","",70360,"","","10870360","42000",42000,"C1","1220","0595","Silver Plume",2002-10-18 15:59:43,"OIS",2002-10-18 15:59:43,"OIS",2413287,"Silver Plume, Town of",2,150203.8,0.0246640065681445
10009,145,"Silver Plume town, Colorado","8","",70360,"","","10870360","42000",42000,"C1","1220","0595","Silver Plume",2002-10-18 15:59:43,"OIS",2002-10-18 15:59:43,"OIS",2413287,"Silver Plume, Town of",3,127680.6,0.0209656157635468
11010,425,"Manassa town, Colorado","8","",48060,"","","10848060","33375",33375,"C1","0840","0451","Manassa",2002-10-18 15:59:43,"OIS",2002-10-18 15:59:43,"OIS",2412937,"Manassa, Town of",2,102515.4,0.00722734699272968
11010,425,"Manassa town, Colorado","8","",48060,"","","10848060","33375",33375,"C1","0840","0451","Manassa",2002-10-18 15:59:43,"OIS",2002-10-18 15:59:43,"OIS",2412937,"Manassa, Town of",3,160069.4,0.0112849103326724
13002,88,"Crowley town, Colorado","8","",18750,"","","10818750","27344",27344,"C1","0290","0231","Crowley",2002-10-18 15:59:43,"OIS",2002-10-18 15:59:43,"OIS",2412394,"Crowley, Town of",2,39195.8,0.0162890147082292
13002,88,"Crowley town, Colorado","8","",18750,"","","10818750","27344",27344,"C1","0290","0231","Crowley",2002-10-18 15:59:43,"OIS",2002-10-18 15:59:43,"OIS",2412394,"Crowley, Town of",3,190023.8,0.0789702078568009
13004,161,"Olney Springs town, Colorado","8","",55705,"","","10855705","31458",31458,"C1","0975","0502","Olney Springs",2002-10-18 15:59:43,"OIS",2002-10-18 15:59:43,"OIS",2413079,"Olney Springs, Town of",2,148159.5,0.0292531420184025
13004,161,"Olney Springs town, Colorado","8","",55705,"","","10855705","31458",31458,"C1","0975","0502","Olney Springs",2002-10-18 15:59:43,"OIS",2002-10-18 15:59:43,"OIS",2413079,"Olney Springs, Town of",3,20627,0.00407266871455147
13006,540.8,"Ordway town, Colorado","8","",56145,"","","10856145","27589",27589,"C1","0995","0506","Ordway",2002-10-18 15:59:43,"OIS",2002-10-18 15:59:43,"OIS",2413090,"Ordway, Town of",2,260128.2,0.0174347126384519
13006,540.8,"Ordway town, Colorado","8","",56145,"","","10856145","27589",27589,"C1","0995","0506","Ordway",2002-10-18 15:59:43,"OIS",2002-10-18 15:59:43,"OIS",2413090,"Ordway, Town of",3,107859.4,0.00722911873589959
13007,151,"Sugar City town, Colorado","8","",74815,"","","10874815","32500",32500,"C1","1265","0620","Sugar City",2002-10-18 15:59:43,"OIS",2002-10-18 15:59:43,"OIS",2413346,"Sugar City, Town of",2,140923,0.0287158430973001
13007,151,"Sugar City town, Colorado","8","",74815,"","","10874815","32500",32500,"C1","1265","0620","Sugar City",2002-10-18 15:59:43,"OIS",2002-10-18 15:59:43,"OIS",2413346,"Sugar City, Town of",3,46509.2,0.00947716760061131
15003,1181.8,"Cedaredge town, Colorado","8","",12635,"","","10812635","33030",33030,"C1","0190","0185","Cedaredge",2002-10-18 15:59:43,"OIS",2002-10-18 15:59:43,"OIS",2413184,"Cedaredge, Town of",2,711131.8,0.0182178675498569
15003,1181.8,"Cedaredge town, Colorado","8","",12635,"","","10812635","33030",33030,"C1","0190","0185","Cedaredge",2002-10-18 15:59:43,"OIS",2002-10-18 15:59:43,"OIS",2413184,"Cedaredge, Town of",3,397550,0.0101844879450555
15005,212,"Crawford town, Colorado","8","",17925,"","","10817925","35192",35192,"C1","0260","0224","Crawford",2002-10-18 15:59:43,"OIS",2002-10-18 15:59:43,"OIS",2412382,"Crawford, Town of",2,113010.4,0.0151474177235821
15005,212,"Crawford town, Colorado","8","",17925,"","","10817925","35192",35192,"C1","0260","0224","Crawford",2002-10-18 15:59:43,"OIS",2002-10-18 15:59:43,"OIS",2412382,"Crawford, Town of",3,121895.6,0.0163383509116566
15015,3857,"Delta city, Colorado","8","",19850,"","","10819850","42314",42314,"C1","0315","0241","Delta",2002-10-18 15:59:43,"OIS",2002-10-18 15:59:43,"OIS",2410319,"Delta, City of",2,1931058.8,0.0118320985291771
15015,3857,"Delta city, Colorado","8","",19850,"","","10819850","42314",42314,"C1","0315","0241","Delta",2002-10-18 15:59:43,"OIS",2002-10-18 15:59:43,"OIS",2410319,"Delta, City of",3,1207628.4,0.00739945268131269
15020,471,"Hotchkiss town, Colorado","8","",37545,"","","10837545","31818",31818,"C1","0640","0375","Hotchkiss",2002-10-18 15:59:43,"OIS",2002-10-18 15:59:43,"OIS",2412771,"Hotchkiss, Town of",2,333006.8,0.022220780903704
15020,471,"Hotchkiss town, Colorado","8","",37545,"","","10837545","31818",31818,"C1","0640","0375","Hotchkiss",2002-10-18 15:59:43,"OIS",2002-10-18 15:59:43,"OIS",2412771,"Hotchkiss, Town of",3,205701.8,0.0137260098871781
15022,1422.8,"Orchard City town, Colorado","8","",55980,"","","10855980","40288",40288,"C1","0985","0505","Orchard City",2002-10-18 15:59:43,"OIS",2002-10-18 15:59:43,"OIS",2413088,"Orchard City, Town of",2,670643.6,0.0116996324802719
15025,788.8,"Paonia town, Colorado","8","",57300,"","","10857300","40759",40759,"C1","1035","0515","Paonia",2002-10-18 15:59:43,"OIS",2002-10-18 15:59:43,"OIS",2413109,"Paonia, Town of",2,580822,0.0180656102185174
15025,788.8,"Paonia town, Colorado","8","",57300,"","","10857300","40759",40759,"C1","1035","0515","Paonia",2002-10-18 15:59:43,"OIS",2002-10-18 15:59:43,"OIS",2413109,"Paonia, Town of",3,346508.6,0.0107776380801074
16002,289289.6,"Denver city, Colorado","8","",20000,"","","10820000","53637",53637,"C1","0320","0242","Denver",2002-10-18 15:59:43,"OIS",2002-10-18 15:59:43,"OIS",2410324,"Denver, City And County of",2,211416600,0.0136251654354725
16002,289289.6,"Denver city, Colorado","8","",20000,"","","10820000","53637",53637,"C1","0320","0242","Denver",2002-10-18 15:59:43,"OIS",2002-10-18 15:59:43,"OIS",2410324,"Denver, City And County of",3,97292200,0.00627019032838992
17003,360,"Dove Creek town, Colorado","8","",21265,"","","10821265","36688",36688,"C1","0340","0250","Dove Creek",2002-10-18 15:59:43,"OIS",2002-10-18 15:59:43,"OIS",2412446,"Dove Creek, Town of",2,218335.4,0.0165309426030915
17003,360,"Dove Creek town, Colorado","8","",21265,"","","10821265","36688",36688,"C1","0340","0250","Dove Creek",2002-10-18 15:59:43,"OIS",2002-10-18 15:59:43,"OIS",2412446,"Dove Creek, Town of",3,89921.8,0.0068082963851335
17007,210.4,"Rico town, Colorado","8","",64090,"","","10864090","31458",31458,"C1","1115","0560","Rico",2002-10-18 15:59:43,"OIS",2002-10-18 15:59:43,"OIS",2412550,"Rico, Town of",2,141735.2,0.021414151816158
17007,210.4,"Rico town, Colorado","8","",64090,"","","10864090","31458",31458,"C1","1115","0560","Rico",2002-10-18 15:59:43,"OIS",2002-10-18 15:59:43,"OIS",2412550,"Rico, Town of",3,25289,0.00382080446691309
18003,18300.2,"Castle Rock town, Colorado","8","",12415,"","","10812415","88294",88294,"C1","0185","0184","Castle Rock",2002-10-18 15:59:43,"OIS",2002-10-18 15:59:43,"OIS",2413179,"Castle Rock, Town of",2,15432564.8,0.00955104917112668
18003,18300.2,"Castle Rock town, Colorado","8","",12415,"","","10812415","88294",88294,"C1","0185","0184","Castle Rock",2002-10-18 15:59:43,"OIS",2002-10-18 15:59:43,"OIS",2413179,"Castle Rock, Town of",3,6984220.8,0.00432245949699856
18021,90,"Larkspur town, Colorado","8","",43550,"","","10843550","44688",44688,"C1","0770","0423","Larkspur",2002-10-18 15:59:43,"OIS",2002-10-18 15:59:43,"OIS",2412878,"Larkspur, Town of",2,145609,0.0362038528861837
18021,90,"Larkspur town, Colorado","8","",43550,"","","10843550","44688",44688,"C1","0770","0423","Larkspur",2002-10-18 15:59:43,"OIS",2002-10-18 15:59:43,"OIS",2412878,"Larkspur, Town of",3,74832,0.0186060389067908
19003,3628,"Avon town, Colorado","8","",4110,"","","10804110","48022",48022,"C1","0057","0128","Avon",2002-10-18 15:59:43,"OIS",2002-10-18 15:59:43,"OIS",2411658,"Avon, Town of",2,530464.8,0.00304473184079495
19009,2425.2,"Eagle town, Colorado","8","",22200,"","","10822200","78066",78066,"C1","0360","0258","Eagle",2002-10-18 15:59:43,"OIS",2002-10-18 15:59:43,"OIS",2412456,"Eagle, Town of",2,1250653.2,0.00660583028661484
19009,2425.2,"Eagle town, Colorado","8","",22200,"","","10822200","78066",78066,"C1","0360","0258","Eagle",2002-10-18 15:59:43,"OIS",2002-10-18 15:59:43,"OIS",2412456,"Eagle, Town of",3,1372497.8,0.00724940178104708
19020,2258,"Gypsum town, Colorado","8","",33695,"","","10833695","88698",88698,"C1","0595","0351","Gypsum",2002-10-18 15:59:43,"OIS",2002-10-18 15:59:43,"OIS",2412716,"Gypsum, Town of",2,1331683,0.006649103462529
19020,2258,"Gypsum town, Colorado","8","",33695,"","","10833695","88698",88698,"C1","0595","0351","Gypsum",2002-10-18 15:59:43,"OIS",2002-10-18 15:59:43,"OIS",2412716,"Gypsum, Town of",3,886352.6,0.00442556534977287
19024,535,"Minturn town, Colorado","8","",50920,"","","10850920","63947",63947,"C1","0890","0473","Minturn",2002-10-18 15:59:43,"OIS",2002-10-18 15:59:43,"OIS",2413005,"Minturn, Town of",2,731142,0.0213711442405064
20005,322,"Kiowa town, Colorado","8","",40790,"","","10840790","58750",58750,"C1","0715","0404","Kiowa",2002-10-18 15:59:43,"OIS",2002-10-18 15:59:43,"OIS",2412838,"Kiowa, Town of",2,289686,0.015313122769922
20005,322,"Kiowa town, Colorado","8","",40790,"","","10840790","58750",58750,"C1","0715","0404","Kiowa",2002-10-18 15:59:43,"OIS",2002-10-18 15:59:43,"OIS",2412838,"Kiowa, Town of",3,273245.6,0.0144440650191622
20006,266,"Simla town, Colorado","8","",70635,"","","10870635","41953",41953,"C1","1230","0598","Simla",2002-10-18 15:59:43,"OIS",2002-10-18 15:59:43,"OIS",2413290,"Simla, Town of",2,108108.4,0.00968756838345237
20006,266,"Simla town, Colorado","8","",70635,"","","10870635","41953",41953,"C1","1230","0598","Simla",2002-10-18 15:59:43,"OIS",2002-10-18 15:59:43,"OIS",2413290,"Simla, Town of",3,89168.2,0.00799034150102451
21006,349.4,"Calhan town, Colorado","8","",11260,"","","10811260","45179",45179,"C1","0165","0175","Calhan",2002-10-18 15:59:43,"OIS",2002-10-18 15:59:43,"OIS",2413149,"Calhan, Town of",2,231800.4,0.0146843479425281
21006,349.4,"Calhan town, Colorado","8","",11260,"","","10811260","45179",45179,"C1","0165","0175","Calhan",2002-10-18 15:59:43,"OIS",2002-10-18 15:59:43,"OIS",2413149,"Calhan, Town of",3,145911.8,0.00924338197915351
21026,9663.2,"Fountain city, Colorado","8","",27865,"","","10827865","57057",57057,"C1","0475","0298","Fountain",2002-10-18 15:59:43,"OIS",2002-10-18 15:59:43,"OIS",2410535,"Fountain, City of",2,6033567.8,0.0109431989761487
21030,2848.2,"Manitou Springs city, Colorado","8","",48445,"","","10848445","49139",49139,"C1","0850","0453","Manitou Springs",2002-10-18 15:59:43,"OIS",2002-10-18 15:59:43,"OIS",2411021,"Manitou Springs, City of",2,1246867.8,0.00890889034173738
21030,2848.2,"Manitou Springs city, Colorado","8","",48445,"","","10848445","49139",49139,"C1","0850","0453","Manitou Springs",2002-10-18 15:59:43,"OIS",2002-10-18 15:59:43,"OIS",2411021,"Manitou Springs, City of",3,838847,0.00599357521021505
21032,1921.2,"Monument town, Colorado","8","",51800,"","","10851800","93341",93341,"C1","0915","0481","Monument",2002-10-18 15:59:43,"OIS",2002-10-18 15:59:43,"OIS",2413009,"Monument, Town of",2,1237576,0.00690123555769398
21034,1099.2,"Palmer Lake town, Colorado","8","",57025,"","","10857025","58621",58621,"C1","1025","0513","Palmer Lake",2002-10-18 15:59:43,"OIS",2002-10-18 15:59:43,"OIS",2413103,"Palmer Lake, Town of",2,699022.2,0.0108482835003537
21036,68,"Ramah town, Colorado","8","",62660,"","","10862660","31250",31250,"C1","1090","0550","Ramah",2002-10-18 15:59:43,"OIS",2002-10-18 15:59:43,"OIS",2412523,"Ramah, Town of",2,38624.2,0.0181760941176471
21036,68,"Ramah town, Colorado","8","",62660,"","","10862660","31250",31250,"C1","1090","0550","Ramah",2002-10-18 15:59:43,"OIS",2002-10-18 15:59:43,"OIS",2412523,"Ramah, Town of",3,16468.6,0.0077499294117647
22001,103.2,"Brookside town, Colorado","8","",9115,"","","10809115","47679",47679,"C1","0140","0721","Brookside",2002-10-18 15:59:43,"OIS",2002-10-18 15:59:43,"OIS",2411733,"Brookside, Town of",2,58211.2,0.0118304078421082
22002,7313,"Caï¿½on City city, Colorado","8","",11810,"","","10811810","38323",38323,"C1","0175","0179","Canon City",2002-10-18 15:59:43,"OIS",2002-10-18 15:59:43,"OIS",2409976,"Canon City, City of",2,5387233.8,0.0192225390249223
22006,160,"Coal Creek town, Colorado","8","",15330,"","","10815330","40625",40625,"C1","0225","0201","Coal Creek",2002-10-18 15:59:43,"OIS",2002-10-18 15:59:43,"OIS",2413219,"Coal Creek, Town of",2,128555.4,0.0197777538461538
22011,1747,"Florence city, Colorado","8","",27040,"","","10827040","36220",36220,"C1","0450","0296","Florence",2002-10-18 15:59:43,"OIS",2002-10-18 15:59:43,"OIS",2410510,"Florence, City of",2,2536923.2,0.0400927613702057
22018,231.8,"Rockvale town, Colorado","8","",64970,"","","10864970","36923",36923,"C1","1130","0566","Rockvale",2002-10-18 15:59:43,"OIS",2002-10-18 15:59:43,"OIS",2412564,"Rockvale, Town of",2,140280.4,0.0163902879571896
22019,281.2,"Williamsburg town, Colorado","8","",85155,"","","10885155","47417",47417,"C1","1370","0679","Williamsburg",2002-10-18 15:59:43,"OIS",2002-10-18 15:59:43,"OIS",2413490,"Williamsburg, Town of",2,151653.8,0.0113737560017653
23004,2476.4,"Carbondale town, Colorado","8","",12045,"","","10812045","62770",62770,"C1","0180","0181","Carbondale (was 12030 prior to 1990)",2002-10-18 15:59:43,"OIS",2002-10-18 15:59:43,"OIS",2413166,"Carbondale, Town of",2,1191657.4,0.00766617078700711
23004,2476.4,"Carbondale town, Colorado","8","",12045,"","","10812045","62770",62770,"C1","0180","0181","Carbondale (was 12030 prior to 1990)",2002-10-18 15:59:43,"OIS",2002-10-18 15:59:43,"OIS",2413166,"Carbondale, Town of",3,1307890.4,0.00841392096175213
23013,538.8,"Parachute town, Colorado","8","",57400,"","","10857400","32917",32917,"C1","1037","0516","Parachute",2002-10-18 15:59:43,"OIS",2002-10-18 15:59:43,"OIS",2413110,"Parachute, Town of",2,391630.4,0.0220814994876204
23013,538.8,"Parachute town, Colorado","8","",57400,"","","10857400","32917",32917,"C1","1037","0516","Parachute",2002-10-18 15:59:43,"OIS",2002-10-18 15:59:43,"OIS",2413110,"Parachute, Town of",3,277688.4,0.0156570487437087
23017,3633.2,"Rifle city, Colorado","8","",64255,"","","10864255","54175",54175,"C1","1125","0562","Rifle",2002-10-18 15:59:43,"OIS",2002-10-18 15:59:43,"OIS",2410947,"Rifle, City of",2,2770586.2,0.0140761355780544
23017,3633.2,"Rifle city, Colorado","8","",64255,"","","10864255","54175",54175,"C1","1125","0562","Rifle",2002-10-18 15:59:43,"OIS",2002-10-18 15:59:43,"OIS",2410947,"Rifle, City of",3,2356888.6,0.0119743191805297
24001,70,"Black Hawk city, Colorado","8","",7025,"","","10807025","38500",38500,"C1","0090","0143","Black Hawk",2002-10-18 15:59:43,"OIS",2002-10-18 15:59:43,"OIS",2409856,"Black Hawk, City of",2,3345645,1.241426716141
25006,1104.8,"Fraser town, Colorado","8","",28305,"","","10828305","45938",45938,"C1","0485","0302","Fraser",2002-10-18 15:59:43,"OIS",2002-10-18 15:59:43,"OIS",2412655,"Fraser, Town of",2,850402.6,0.0167559413028718
25006,1104.8,"Fraser town, Colorado","8","",28305,"","","10828305","45938",45938,"C1","0485","0302","Fraser",2002-10-18 15:59:43,"OIS",2002-10-18 15:59:43,"OIS",2412655,"Fraser, Town of",3,869406.2,0.0171303794879658
25008,1616.6,"Granby town, Colorado","8","",31605,"","","10831605","50125",50125,"C1","0550","0337","Granby",2002-10-18 15:59:43,"OIS",2002-10-18 15:59:43,"OIS",2412699,"Granby, Town of",2,1096726.4,0.0135344726147023
25008,1616.6,"Granby town, Colorado","8","",31605,"","","10831605","50125",50125,"C1","0550","0337","Granby",2002-10-18 15:59:43,"OIS",2002-10-18 15:59:43,"OIS",2412699,"Granby, Town of",3,725986,0.00895924237408458
25014,943.8,"Grand Lake town, Colorado","8","",31715,"","","10831715","51667",51667,"C1","0560","0339","Grand Lake",2002-10-18 15:59:43,"OIS",2002-10-18 15:59:43,"OIS",2412701,"Grand Lake, Town of",2,425094.2,0.00871750010201316
25015,318.8,"Hot Sulphur Springs town, Colorado","8","",37600,"","","10837600","50250",50250,"C1","0645","0378","Hot Sulphur Springs",2002-10-18 15:59:43,"OIS",2002-10-18 15:59:43,"OIS",2412770,"Hot Sulphur Springs, Town of",2,359936,0.0224683358614706
25015,318.8,"Hot Sulphur Springs town, Colorado","8","",37600,"","","10837600","50250",50250,"C1","0645","0378","Hot Sulphur Springs",2002-10-18 15:59:43,"OIS",2002-10-18 15:59:43,"OIS",2412770,"Hot Sulphur Springs, Town of",3,197135.8,0.0123058359394995
25018,697.6,"Kremmling town, Colorado","8","",41560,"","","10841560","58500",58500,"C1","0730","0408","Kremmling",2002-10-18 15:59:43,"OIS",2002-10-18 15:59:43,"OIS",2412848,"Kremmling, Town of",2,735821.2,0.0180305908413707
26008,2670.2,"Gunnison city, Colorado","8","",33640,"","","10833640","35871",35871,"C1","0590","0350","Gunnison",2002-10-18 15:59:43,"OIS",2002-10-18 15:59:43,"OIS",2410674,"Gunnison, City of",2,632788.2,0.00660649478447497
26008,2670.2,"Gunnison city, Colorado","8","",33640,"","","10833640","35871",35871,"C1","0590","0350","Gunnison",2002-10-18 15:59:43,"OIS",2002-10-18 15:59:43,"OIS",2410674,"Gunnison, City of",3,1145115.4,0.0119553413254577
26010,105,"Marble town, Colorado","8","",48555,"","","10848555","64167",64167,"C1","0860","0455","Marble",2002-10-18 15:59:43,"OIS",2002-10-18 15:59:43,"OIS",2412952,"Marble, Town of",2,333.333333333333,4.94740781804226e-05
28007,567.4,"La Veta town, Colorado","8","",44100,"","","10844100","29792",29792,"C1","0785","0414","La Veta",2002-10-18 15:59:43,"OIS",2002-10-18 15:59:43,"OIS",2412857,"La Veta, Town of",2,292272.8,0.0172901758146815
28007,567.4,"La Veta town, Colorado","8","",44100,"","","10844100","29792",29792,"C1","0785","0414","La Veta",2002-10-18 15:59:43,"OIS",2002-10-18 15:59:43,"OIS",2412857,"La Veta, Town of",3,132154.6,0.00781795729441434
30035,7852,"Golden city, Colorado","8","",30835,"","","10830835","58998",58998,"C1","0540","0333","Golden",2002-10-18 15:59:43,"OIS",2002-10-18 15:59:43,"OIS",2410611,"Golden, City of",2,5114103.4,0.0110395640651072
30035,7852,"Golden city, Colorado","8","",30835,"","","10830835","58998",58998,"C1","0540","0333","Golden",2002-10-18 15:59:43,"OIS",2002-10-18 15:59:43,"OIS",2410611,"Golden, City of",3,1691341.6,0.00365101611930273
30055,66285,"Lakewood city, Colorado","8","",43000,"","","10843000","56954",56954,"C1","0760","0420","Lakewood",2002-10-18 15:59:43,"OIS",2002-10-18 15:59:43,"OIS",2411614,"Lakewood, City of",2,1061749.6,0.000281243578065031
30055,66285,"Lakewood city, Colorado","8","",43000,"","","10843000","56954",56954,"C1","0760","0420","Lakewood",2002-10-18 15:59:43,"OIS",2002-10-18 15:59:43,"OIS",2411614,"Lakewood, City of",3,3648637.6,0.000966476364753618
30067,279.2,"Mountain View town, Colorado","8","",52350,"","","10852350","45714",45714,"C1","0925","0484","Mountain View",2002-10-18 15:59:43,"OIS",2002-10-18 15:59:43,"OIS",2413021,"Mountain View, Town of",3,58922,0.00461650002074691
31002,352,"Eads town, Colorado","8","",22145,"","","10822145","36150",36150,"C1","0355","0257","Eads",2002-10-18 15:59:43,"OIS",2002-10-18 15:59:43,"OIS",2412454,"Eads, Town of",2,219676.8,0.0172636740852508
31002,352,"Eads town, Colorado","8","",22145,"","","10822145","36150",36150,"C1","0355","0257","Eads",2002-10-18 15:59:43,"OIS",2002-10-18 15:59:43,"OIS",2412454,"Eads, Town of",3,93942.2,0.00738260719225449
31003,41,"Haswell town, Colorado","8","",34740,"","","10834740","42500",42500,"C1","0605","0357","Haswell",2002-10-18 15:59:43,"OIS",2002-10-18 15:59:43,"OIS",2412734,"Haswell, Town of",2,36231.4,0.020792769010043
32001,84,"Bethune town, Colorado","8","",6530,"","","10806530","37500",37500,"C1","0085","0140","Bethune",2002-10-18 15:59:43,"OIS",2002-10-18 15:59:43,"OIS",2411684,"Bethune, Town of",2,54786.4,0.0173925079365079
32001,84,"Bethune town, Colorado","8","",6530,"","","10806530","37500",37500,"C1","0085","0140","Bethune",2002-10-18 15:59:43,"OIS",2002-10-18 15:59:43,"OIS",2411684,"Bethune, Town of",3,19939,0.00632984126984127
32010,328,"Flagler town, Colorado","8","",26765,"","","10826765","26125",26125,"C1","0440","0294","Flagler",2002-10-18 15:59:43,"OIS",2002-10-18 15:59:43,"OIS",2412628,"Flagler, Town of",2,134548,0.0157017154860544
32010,328,"Flagler town, Colorado","8","",26765,"","","10826765","26125",26125,"C1","0440","0294","Flagler",2002-10-18 15:59:43,"OIS",2002-10-18 15:59:43,"OIS",2412628,"Flagler, Town of",3,74121.2,0.00864992414517447
32015,122.8,"Seibert town, Colorado","8","",69040,"","","10869040","",NA,"C1","1190","0588","Seibert",2002-10-18 15:59:43,"OIS",2002-10-18 15:59:43,"OIS",2413270,"Seibert, Town of",2,89263,NA
32015,122.8,"Seibert town, Colorado","8","",69040,"","","10869040","",NA,"C1","1190","0588","Seibert",2002-10-18 15:59:43,"OIS",2002-10-18 15:59:43,"OIS",2413270,"Seibert, Town of",3,45204.8,NA
32020,346,"Stratton town, Colorado","8","",74485,"","","10874485","42632",42632,"C1","1260","0619","Stratton",2002-10-18 15:59:43,"OIS",2002-10-18 15:59:43,"OIS",2413341,"Stratton, Town of",2,132465.2,0.00898028238984637
32020,346,"Stratton town, Colorado","8","",74485,"","","10874485","42632",42632,"C1","1260","0619","Stratton",2002-10-18 15:59:43,"OIS",2002-10-18 15:59:43,"OIS",2413341,"Stratton, Town of",3,117796.2,0.0079858192223378
32023,61,"Vona town, Colorado","8","",81690,"","","10881690","31250",31250,"C1","1320","0653","Vona",2002-10-18 15:59:43,"OIS",2002-10-18 15:59:43,"OIS",2413437,"Vona, Town of",2,20916.8,0.0109727475409836
32023,61,"Vona town, Colorado","8","",81690,"","","10881690","31250",31250,"C1","1320","0653","Vona",2002-10-18 15:59:43,"OIS",2002-10-18 15:59:43,"OIS",2413437,"Vona, Town of",3,8569.2,0.00449531803278689
34005,1004.8,"Bayfield town, Colorado","8","",5265,"","","10805265","64087",64087,"C1","0065","0134","Bayfield",2002-10-18 15:59:43,"OIS",2002-10-18 15:59:43,"OIS",2411667,"Bayfield, Town of",2,530304,0.00823522244194521
34005,1004.8,"Bayfield town, Colorado","8","",5265,"","","10805265","64087",64087,"C1","0065","0134","Bayfield",2002-10-18 15:59:43,"OIS",2002-10-18 15:59:43,"OIS",2411667,"Bayfield, Town of",3,807803.4,0.0125445795022471
34008,7961.2,"Durango city, Colorado","8","",22035,"","","10822035","57024",57024,"C1","0350","0256","Durango",2002-10-18 15:59:43,"OIS",2002-10-18 15:59:43,"OIS",2410374,"Durango, City of",2,4038955.6,0.00889678031184127
34008,7961.2,"Durango city, Colorado","8","",22035,"","","10822035","57024",57024,"C1","0350","0256","Durango",2002-10-18 15:59:43,"OIS",2002-10-18 15:59:43,"OIS",2410374,"Durango, City of",3,3040884,0.00669828529479085
34015,309.8,"Ignacio town, Colorado","8","",38535,"","","10838535","48333",48333,"C1","0665","0385","Ignacio",2002-10-18 15:59:43,"OIS",2002-10-18 15:59:43,"OIS",2412787,"Ignacio, Town of",2,275454.4,0.0183960485985587
34015,309.8,"Ignacio town, Colorado","8","",38535,"","","10838535","48333",48333,"C1","0665","0385","Ignacio",2002-10-18 15:59:43,"OIS",2002-10-18 15:59:43,"OIS",2412787,"Ignacio, Town of",3,400909.4,0.0267744817509505
35004,4164.4,"Estes Park town, Colorado","8","",25115,"","","10825115","54530",54530,"C1","0405","0284","Estes Park",2002-10-18 15:59:43,"OIS",2002-10-18 15:59:43,"OIS",2412603,"Estes Park, Town of",2,3374915.2,0.0148619203513867
35009,62259.6,"Fort Collins city, Colorado","8","",27425,"","","10827425","55647",55647,"C1","0455","0307","Fort Collins",2002-10-18 15:59:43,"OIS",2002-10-18 15:59:43,"OIS",2410526,"Fort Collins, City of",2,23156298.4,0.00668376320783303
35009,62259.6,"Fort Collins city, Colorado","8","",27425,"","","10827425","55647",55647,"C1","0455","0307","Fort Collins",2002-10-18 15:59:43,"OIS",2002-10-18 15:59:43,"OIS",2410526,"Fort Collins, City of",3,16003138.2,0.00461909690674168
35026,29454.6,"Loveland city, Colorado","8","",46465,"","","10846465","56277",56277,"C1","0830","0443","Loveland",2002-10-18 15:59:43,"OIS",2002-10-18 15:59:43,"OIS",2410886,"Loveland, City of",2,12099758.6,0.00729949202565991
35026,29454.6,"Loveland city, Colorado","8","",46465,"","","10846465","56277",56277,"C1","0830","0443","Loveland",2002-10-18 15:59:43,"OIS",2002-10-18 15:59:43,"OIS",2410886,"Loveland, City of",3,7845346.2,0.00473290781399897
35047,2355,"Wellington town, Colorado","8","",83230,"","","10883230","76917",76917,"C1","1345","0664","Wellington",2002-10-18 15:59:43,"OIS",2002-10-18 15:59:43,"OIS",2413464,"Wellington, Town of",2,1320245.6,0.00728855575344168
35047,2355,"Wellington town, Colorado","8","",83230,"","","10883230","76917",76917,"C1","1345","0664","Wellington",2002-10-18 15:59:43,"OIS",2002-10-18 15:59:43,"OIS",2413464,"Wellington, Town of",3,764168.4,0.00421867263819574
36001,290,"Aguilar town, Colorado","8","",760,"","","10800760","36701",36701,"C1","0005","0104","Aguilar",2002-10-18 15:59:43,"OIS",2002-10-18 15:59:43,"OIS",2412339,"Aguilar, Town of",2,226779.6,0.0213072837440303
36001,290,"Aguilar town, Colorado","8","",760,"","","10800760","36701",36701,"C1","0005","0104","Aguilar",2002-10-18 15:59:43,"OIS",2002-10-18 15:59:43,"OIS",2412339,"Aguilar, Town of",3,88138.4,0.00828112359993949
36002,45,"Branson town, Colorado","8","",8345,"","","10808345","36875",36875,"C1","0120","0157","Branson",2002-10-18 15:59:43,"OIS",2002-10-18 15:59:43,"OIS",2411720,"Branson, Town of",2,38694.8,0.0233189001883239
36005,47,"Kim town, Colorado","8","",40570,"","","10840570","31875",31875,"C1","0713","0403","Kim",2002-10-18 15:59:43,"OIS",2002-10-18 15:59:43,"OIS",2412834,"Kim, Town of",2,39968.8,0.0266792156862745
36010,35,"Starkville town, Colorado","8","",73715,"","","10873715","18438",18438,"C1","1245","0610","Starkville",2002-10-18 15:59:43,"OIS",2002-10-18 15:59:43,"OIS",2413331,"Starkville, Town of",2,22137.8,0.0343046193420421
36011,4365.4,"Trinidad city, Colorado","8","",78610,"","","10878610","43819",43819,"C1","1295","0637","Trinidad",2002-10-18 15:59:43,"OIS",2002-10-18 15:59:43,"OIS",2412094,"Trinidad, City of",2,2359806,0.0123364384049287
36011,4365.4,"Trinidad city, Colorado","8","",78610,"","","10878610","43819",43819,"C1","1295","0637","Trinidad",2002-10-18 15:59:43,"OIS",2002-10-18 15:59:43,"OIS",2412094,"Trinidad, City of",3,1420801.8,0.00742757408503572
37002,129,"Arriba town, Colorado","8","",3235,"","","10803235","36071",36071,"C1","0035","0117","Arriba",2002-10-18 15:59:43,"OIS",2002-10-18 15:59:43,"OIS",2411647,"Arriba, Town of",2,64098,0.0137751579088529
37002,129,"Arriba town, Colorado","8","",3235,"","","10803235","36071",36071,"C1","0035","0117","Arriba",2002-10-18 15:59:43,"OIS",2002-10-18 15:59:43,"OIS",2411647,"Arriba, Town of",3,56715.6,0.0121886228259125
37004,84,"Genoa town, Colorado","8","",29680,"","","10829680","37321",37321,"C1","0515","0320","Genoa",2002-10-18 15:59:43,"OIS",2002-10-18 15:59:43,"OIS",2412675,"Genoa, Town of",2,63485,0.0202506312672171
37004,84,"Genoa town, Colorado","8","",29680,"","","10829680","37321",37321,"C1","0515","0320","Genoa",2002-10-18 15:59:43,"OIS",2002-10-18 15:59:43,"OIS",2412675,"Genoa, Town of",3,46496.4,0.0148315578743488
37006,409.4,"Hugo town, Colorado","8","",37875,"","","10837875","32321",32321,"C1","0655","0380","Hugo",2002-10-18 15:59:43,"OIS",2002-10-18 15:59:43,"OIS",2412778,"Hugo, Town of",2,151839,0.0114749475019962
37006,409.4,"Hugo town, Colorado","8","",37875,"","","10837875","32321",32321,"C1","0655","0380","Hugo",2002-10-18 15:59:43,"OIS",2002-10-18 15:59:43,"OIS",2412778,"Hugo, Town of",3,53106.4,0.00401341652684757
38002,76,"Crook town, Colorado","8","",18640,"","","10818640","38125",38125,"C1","0285","0230","Crook",2002-10-18 15:59:43,"OIS",2002-10-18 15:59:43,"OIS",2412389,"Crook, Town of",2,30254.8,0.0104416911130285
38002,76,"Crook town, Colorado","8","",18640,"","","10818640","38125",38125,"C1","0285","0230","Crook",2002-10-18 15:59:43,"OIS",2002-10-18 15:59:43,"OIS",2412389,"Crook, Town of",3,15535.2,0.00536158757549612
38005,204.4,"Fleming town, Colorado","8","",26875,"","","10826875","41875",41875,"C1","0445","0295","Fleming",2002-10-18 15:59:43,"OIS",2002-10-18 15:59:43,"OIS",2412631,"Fleming, Town of",2,66951.6,0.00782213394865204
38005,204.4,"Fleming town, Colorado","8","",26875,"","","10826875","41875",41875,"C1","0445","0295","Fleming",2002-10-18 15:59:43,"OIS",2002-10-18 15:59:43,"OIS",2412631,"Fleming, Town of",3,33756.4,0.00394385022052166
38007,128.2,"Iliff town, Colorado","8","",38590,"","","10838590","36250",36250,"C1","0670","0386","Iliff",2002-10-18 15:59:43,"OIS",2002-10-18 15:59:43,"OIS",2412788,"Iliff, Town of",2,45223.2,0.00973117435042229
38007,128.2,"Iliff town, Colorado","8","",38590,"","","10838590","36250",36250,"C1","0670","0386","Iliff",2002-10-18 15:59:43,"OIS",2002-10-18 15:59:43,"OIS",2412788,"Iliff, Town of",3,29847.2,0.00642255097100436
38011,120.8,"Merino town, Colorado","8","",50040,"","","10850040","39773",39773,"C1","0880","0466","Merino",2002-10-18 15:59:43,"OIS",2002-10-18 15:59:43,"OIS",2412985,"Merino, Town of",2,50774.8,0.0105680032195957
38011,120.8,"Merino town, Colorado","8","",50040,"","","10850040","39773",39773,"C1","0880","0466","Merino",2002-10-18 15:59:43,"OIS",2002-10-18 15:59:43,"OIS",2412985,"Merino, Town of",3,32165.2,0.00669469770750333
38016,106,"Peetz town, Colorado","8","",58235,"","","10858235","34750",34750,"C1","1040","0523","Peetz",2002-10-18 15:59:43,"OIS",2002-10-18 15:59:43,"OIS",2413123,"Peetz, Town of",2,41361.4,0.011228831274603
38016,106,"Peetz town, Colorado","8","",58235,"","","10858235","34750",34750,"C1","1040","0523","Peetz",2002-10-18 15:59:43,"OIS",2002-10-18 15:59:43,"OIS",2413123,"Peetz, Town of",3,25557,0.00693823808877426
38019,5408.8,"Sterling city, Colorado","8","",73935,"","","10873935","35732",35732,"C1","1255","0612","Sterling",2002-10-18 15:59:43,"OIS",2002-10-18 15:59:43,"OIS",2411978,"Sterling, City of",2,2173700.6,0.0112471238374626
38019,5408.8,"Sterling city, Colorado","8","",73935,"","","10873935","35732",35732,"C1","1255","0612","Sterling",2002-10-18 15:59:43,"OIS",2002-10-18 15:59:43,"OIS",2411978,"Sterling, City of",3,1746521.8,0.00903682272040043
39011,223.2,"Collbran town, Colorado","8","",15605,"","","10815605","32361",32361,"C1","0235","0206","Collbran",2002-10-18 15:59:43,"OIS",2002-10-18 15:59:43,"OIS",2413226,"Collbran, Town of",2,144053.4,0.0199437760772043
39011,223.2,"Collbran town, Colorado","8","",15605,"","","10815605","32361",32361,"C1","0235","0206","Collbran",2002-10-18 15:59:43,"OIS",2002-10-18 15:59:43,"OIS",2413226,"Collbran, Town of",3,117608.6,0.0162825700965995
39012,224.2,"De Beque town, Colorado","8","",19355,"","","10819355","44000",44000,"C1","0300","0235","De Beque",2002-10-18 15:59:43,"OIS",2002-10-18 15:59:43,"OIS",2412412,"De Beque, Town of",2,219853.4,0.0222866555834888
39012,224.2,"De Beque town, Colorado","8","",19355,"","","10819355","44000",44000,"C1","0300","0235","De Beque",2002-10-18 15:59:43,"OIS",2002-10-18 15:59:43,"OIS",2412412,"De Beque, Town of",3,155597.8,0.015773031384316
39014,5204,"Fruita city, Colorado","8","",28745,"","","10828745","55864",55864,"C1","0505","0305","Fruita",2002-10-18 15:59:43,"OIS",2002-10-18 15:59:43,"OIS",2410553,"Fruita, City of",3,1927305.4,0.00662950681368158
39020,26862.2,"Grand Junction city, Colorado","8","",31660,"","","10831660","45358",45358,"C1","0555","0338","Grand Junction",2002-10-18 15:59:43,"OIS",2002-10-18 15:59:43,"OIS",2410631,"Grand Junction, City of",2,5222199.8,0.00428605765574776
39034,1292.2,"Palisade town, Colorado","8","",56970,"","","10856970","43167",43167,"C1","1020","0512","Palisade",2002-10-18 15:59:43,"OIS",2002-10-18 15:59:43,"OIS",2413101,"Palisade, Town of",2,843317.2,0.0151185226227879
39034,1292.2,"Palisade town, Colorado","8","",56970,"","","10856970","43167",43167,"C1","1020","0512","Palisade",2002-10-18 15:59:43,"OIS",2002-10-18 15:59:43,"OIS",2413101,"Palisade, Town of",3,338868,0.0060750373929749
41004,4088.2,"Craig city, Colorado","8","",17760,"","","10817760","49590",49590,"C1","0255","0223","Craig",2002-10-18 15:59:43,"OIS",2002-10-18 15:59:43,"OIS",2410255,"Craig, City of",2,2525420.6,0.0124568282478823
41004,4088.2,"Craig city, Colorado","8","",17760,"","","10817760","49590",49590,"C1","0255","0223","Craig",2002-10-18 15:59:43,"OIS",2002-10-18 15:59:43,"OIS",2410255,"Craig, City of",3,1353503,0.00667625598840584
41005,175,"Dinosaur town, Colorado","8","",20495,"","","10820495","42083",42083,"C1","0332","0246","Dinosaur",2002-10-18 15:59:43,"OIS",2002-10-18 15:59:43,"OIS",2412432,"Dinosaur, Town of",2,119642.6,0.0162457999667324
41005,175,"Dinosaur town, Colorado","8","",20495,"","","10820495","42083",42083,"C1","0332","0246","Dinosaur",2002-10-18 15:59:43,"OIS",2002-10-18 15:59:43,"OIS",2412432,"Dinosaur, Town of",3,35728,0.00485136515932799
42004,3904,"Cortez city, Colorado","8","",17375,"","","10817375","42412",42412,"C1","0250","0219","Cortez",2002-10-18 15:59:43,"OIS",2002-10-18 15:59:43,"OIS",2410236,"Cortez, City of",2,1592426,0.00961746685132417
42008,501.6,"Dolores town, Colorado","8","",20770,"","","10820770","34813",34813,"C1","0335","0248","Dolores",2002-10-18 15:59:43,"OIS",2002-10-18 15:59:43,"OIS",2412439,"Dolores, Town of",2,200017.8,0.0114543293993046
42008,501.6,"Dolores town, Colorado","8","",20770,"","","10820770","34813",34813,"C1","0335","0248","Dolores",2002-10-18 15:59:43,"OIS",2002-10-18 15:59:43,"OIS",2412439,"Dolores, Town of",3,236203.6,0.0135265653341932
42016,615.8,"Mancos town, Colorado","8","",48115,"","","10848115","36729",36729,"C1","0845","0452","Mancos",2002-10-18 15:59:43,"OIS",2002-10-18 15:59:43,"OIS",2412939,"Mancos, Town of",2,280852.4,0.0124173622430224
42016,615.8,"Mancos town, Colorado","8","",48115,"","","10848115","36729",36729,"C1","0845","0452","Mancos",2002-10-18 15:59:43,"OIS",2002-10-18 15:59:43,"OIS",2412939,"Mancos, Town of",3,370024.6,0.0163599438602962
43004,8715.2,"Montrose city, Colorado","8","",51745,"","","10851745","41717",41717,"C1","0910","0480","Montrose",2002-10-18 15:59:43,"OIS",2002-10-18 15:59:43,"OIS",2411151,"Montrose, City of",2,4416564.6,0.0121477028468538
43004,8715.2,"Montrose city, Colorado","8","",51745,"","","10851745","41717",41717,"C1","0910","0480","Montrose",2002-10-18 15:59:43,"OIS",2002-10-18 15:59:43,"OIS",2411151,"Montrose, City of",3,3673850.2,0.0101048766576299
43007,369.4,"Nucla town, Colorado","8","",54935,"","","10854935","30000",30000,"C1","0955","0497","Nucla",2002-10-18 15:59:43,"OIS",2002-10-18 15:59:43,"OIS",2413058,"Nucla, Town of",2,303245.8,0.027363815195813
43007,369.4,"Nucla town, Colorado","8","",54935,"","","10854935","30000",30000,"C1","0955","0497","Nucla",2002-10-18 15:59:43,"OIS",2002-10-18 15:59:43,"OIS",2413058,"Nucla, Town of",3,134677.2,0.01215278830536
43012,634,"Olathe town, Colorado","8","",55540,"","","10855540","36569",36569,"C1","0970","0501","Olathe",2002-10-18 15:59:43,"OIS",2002-10-18 15:59:43,"OIS",2413078,"Olathe, Town of",2,278547.8,0.0120142700722277
43012,634,"Olathe town, Colorado","8","",55540,"","","10855540","36569",36569,"C1","0970","0501","Olathe",2002-10-18 15:59:43,"OIS",2002-10-18 15:59:43,"OIS",2413078,"Olathe, Town of",3,278994.2,0.0120335241110685
44001,2295,"Brush city, Colorado","8","",9555,"","","10809555","44457",44457,"C1","0150","0164","Brush",2002-10-18 15:59:43,"OIS",2002-10-18 15:59:43,"OIS",2409926,"Brush, City of",2,1036935.8,0.0101631661604616
44001,2295,"Brush city, Colorado","8","",9555,"","","10809555","44457",44457,"C1","0150","0164","Brush",2002-10-18 15:59:43,"OIS",2002-10-18 15:59:43,"OIS",2409926,"Brush, City of",3,958408.2,0.00939350515832219
44006,4281.2,"Fort Morgan city, Colorado","8","",27810,"","","10827810","45403",45403,"C1","0470","0312","Fort Morgan",2002-10-18 15:59:43,"OIS",2002-10-18 15:59:43,"OIS",2410529,"Fort Morgan, City of",2,4144456.8,0.0213214899776511
44006,4281.2,"Fort Morgan city, Colorado","8","",27810,"","","10827810","45403",45403,"C1","0470","0312","Fort Morgan",2002-10-18 15:59:43,"OIS",2002-10-18 15:59:43,"OIS",2410529,"Fort Morgan, City of",3,2005467.2,0.0103172866478685
44007,124,"Hillrose town, Colorado","8","",36610,"","","10836610","33750",33750,"C1","0620","0368","Hillrose",2002-10-18 15:59:43,"OIS",2002-10-18 15:59:43,"OIS",2412751,"Hillrose, Town of",2,83304,0.019905376344086
44007,124,"Hillrose town, Colorado","8","",36610,"","","10836610","33750",33750,"C1","0620","0368","Hillrose",2002-10-18 15:59:43,"OIS",2002-10-18 15:59:43,"OIS",2412751,"Hillrose, Town of",3,41047.4,0.00980821983273596
44009,344,"Log Lane Village town, Colorado","8","",45695,"","","10845695","35083",35083,"C1","0815","0438","Log Lane Village",2002-10-18 15:59:43,"OIS",2002-10-18 15:59:43,"OIS",2412910,"Log Lane Village, Town of",2,222217.6,0.0184129463087204
44009,344,"Log Lane Village town, Colorado","8","",45695,"","","10845695","35083",35083,"C1","0815","0438","Log Lane Village",2002-10-18 15:59:43,"OIS",2002-10-18 15:59:43,"OIS",2412910,"Log Lane Village, Town of",3,162375.6,0.013454439273245
44016,344.6,"Wiggins town, Colorado","8","",84770,"","","10884770","48000",48000,"C1","1363","0675","Wiggins",2002-10-18 15:59:43,"OIS",2002-10-18 15:59:43,"OIS",2413486,"Wiggins, Town of",2,195776.2,0.0118359571483846
44016,344.6,"Wiggins town, Colorado","8","",84770,"","","10884770","48000",48000,"C1","1363","0675","Wiggins",2002-10-18 15:59:43,"OIS",2002-10-18 15:59:43,"OIS",2413486,"Wiggins, Town of",3,151437.6,0.00915539756239118
45001,115,"Cheraw town, Colorado","8","",13460,"","","10813460","36429",36429,"C1","0205","0189","Cheraw",2002-10-18 15:59:43,"OIS",2002-10-18 15:59:43,"OIS",2413193,"Cheraw, Town of",2,51184.2,0.0122177386148398
45001,115,"Cheraw town, Colorado","8","",13460,"","","10813460","36429",36429,"C1","0205","0189","Cheraw",2002-10-18 15:59:43,"OIS",2002-10-18 15:59:43,"OIS",2413193,"Cheraw, Town of",3,47876.8,0.0114282577067721
45004,597,"Fowler town, Colorado","8","",27975,"","","10827975","30850",30850,"C1","0480","0299","Fowler",2002-10-18 15:59:43,"OIS",2002-10-18 15:59:43,"OIS",2412648,"Fowler, Town of",2,335934,0.0182399843626561
45004,597,"Fowler town, Colorado","8","",27975,"","","10827975","30850",30850,"C1","0480","0299","Fowler",2002-10-18 15:59:43,"OIS",2002-10-18 15:59:43,"OIS",2412648,"Fowler, Town of",3,155935.6,0.00846673127930305
45007,3423.2,"La Junta city, Colorado","8","",42110,"","","10842110","31113",31113,"C1","0745","0412","La Junta",2002-10-18 15:59:43,"OIS",2002-10-18 15:59:43,"OIS",2411574,"La Junta, City of",2,2372303.4,0.0222738899112161
45007,3423.2,"La Junta city, Colorado","8","",42110,"","","10842110","31113",31113,"C1","0745","0412","La Junta",2002-10-18 15:59:43,"OIS",2002-10-18 15:59:43,"OIS",2411574,"La Junta, City of",3,1311849.6,0.0123171401982027
45009,198,"Manzanola town, Colorado","8","",48500,"","","10848500","29844",29844,"C1","0855","0454","Manzanola",2002-10-18 15:59:43,"OIS",2002-10-18 15:59:43,"OIS",2412949,"Manzanola, Town of",2,131630.2,0.0222758004925275
45009,198,"Manzanola town, Colorado","8","",48500,"","","10848500","29844",29844,"C1","0855","0454","Manzanola",2002-10-18 15:59:43,"OIS",2002-10-18 15:59:43,"OIS",2412949,"Manzanola, Town of",3,100151.2,0.0169486041219053
45014,1869,"Rocky Ford city, Colorado","8","",65190,"","","10865190","27088",27088,"C1","1135","0567","Rocky Ford",2002-10-18 15:59:43,"OIS",2002-10-18 15:59:43,"OIS",2410983,"Rocky Ford, City of",2,1006470.8,0.0198799339615456
45014,1869,"Rocky Ford city, Colorado","8","",65190,"","","10865190","27088",27088,"C1","1135","0567","Rocky Ford",2002-10-18 15:59:43,"OIS",2002-10-18 15:59:43,"OIS",2410983,"Rocky Ford, City of",3,454497,0.00897728016125316
45015,286,"Swink town, Colorado","8","",75970,"","","10875970","36932",36932,"C1","1275","0622","Swink",2002-10-18 15:59:43,"OIS",2002-10-18 15:59:43,"OIS",2413358,"Swink, Town of",2,184806.4,0.0174963777693118
45015,286,"Swink town, Colorado","8","",75970,"","","10875970","36932",36932,"C1","1275","0622","Swink",2002-10-18 15:59:43,"OIS",2002-10-18 15:59:43,"OIS",2413358,"Swink, Town of",3,75638.4,0.00716099669852513
46009,513.2,"Ridgway town, Colorado","8","",64200,"","","10864200","51442",51442,"C1","1120","0561","Ridgway",2002-10-18 15:59:43,"OIS",2002-10-18 15:59:43,"OIS",2412551,"Ridgway, Town of",2,343809.2,0.0130230587881355
46009,513.2,"Ridgway town, Colorado","8","",64200,"","","10864200","51442",51442,"C1","1120","0561","Ridgway",2002-10-18 15:59:43,"OIS",2002-10-18 15:59:43,"OIS",2412551,"Ridgway, Town of",3,290806.8,0.0110153947375159
47001,191.8,"Alma town, Colorado","8","",1530,"","","10801530","45000",45000,"C1","0020","0109","Alma",2002-10-18 15:59:43,"OIS",2002-10-18 15:59:43,"OIS",2412350,"Alma, Town of",2,139385.8,0.0161494380720658
47001,191.8,"Alma town, Colorado","8","",1530,"","","10801530","45000",45000,"C1","0020","0109","Alma",2002-10-18 15:59:43,"OIS",2002-10-18 15:59:43,"OIS",2412350,"Alma, Town of",3,60353.8,0.00699267755764106
47005,401.4,"Fairplay town, Colorado","8","",25610,"","","10825610","42457",42457,"C1","0425","0289","Fairplay",2002-10-18 15:59:43,"OIS",2002-10-18 15:59:43,"OIS",2412616,"Fairplay, Town of",2,422630.8,0.0247990173216551
48004,500.2,"Haxtun town, Colorado","8","",34960,"","","10834960","39167",39167,"C1","0610","0358","Haxtun",2002-10-18 15:59:43,"OIS",2002-10-18 15:59:43,"OIS",2412738,"Haxtun, Town of",2,153797.6,0.00785028751539699
48004,500.2,"Haxtun town, Colorado","8","",34960,"","","10834960","39167",39167,"C1","0610","0358","Haxtun",2002-10-18 15:59:43,"OIS",2002-10-18 15:59:43,"OIS",2412738,"Haxtun, Town of",3,91048.8,0.00464740189659577
49006,5974.4,"Aspen city, Colorado","8","",3620,"","","10803620","67164",67164,"C1","0045","0121","Aspen",2002-10-18 15:59:43,"OIS",2002-10-18 15:59:43,"OIS",2409743,"Aspen, City of",2,7303081.2,0.0182001631115223
50007,243,"Granada town, Colorado","8","",31550,"","","10831550","28173",28173,"C1","0545","0336","Granada",2002-10-18 15:59:43,"OIS",2002-10-18 15:59:43,"OIS",2412698,"Granada, Town of",2,124110.2,0.0181287602948216
50007,243,"Granada town, Colorado","8","",31550,"","","10831550","28173",28173,"C1","0545","0336","Granada",2002-10-18 15:59:43,"OIS",2002-10-18 15:59:43,"OIS",2412698,"Granada, Town of",3,443744,0.0648176266597371
50008,48,"Hartman town, Colorado","8","",34520,"","","10834520","",NA,"C1","0600","0354","Hartman",2002-10-18 15:59:43,"OIS",2002-10-18 15:59:43,"OIS",2412730,"Hartman, Town of",2,16669.4,NA
50011,382.4,"Holly town, Colorado","8","",37215,"","","10837215","34615",34615,"C1","0625","0371","Holly",2002-10-18 15:59:43,"OIS",2002-10-18 15:59:43,"OIS",2412764,"Holly, Town of",2,191173.4,0.0144425953872756
50011,382.4,"Holly town, Colorado","8","",37215,"","","10837215","34615",34615,"C1","0625","0371","Holly",2002-10-18 15:59:43,"OIS",2002-10-18 15:59:43,"OIS",2412764,"Holly, Town of",3,34566.6,0.00261140628201308
50017,196,"Wiley town, Colorado","8","",85045,"","","10885045","40583",40583,"C1","1365","0677","Wiley",2002-10-18 15:59:43,"OIS",2002-10-18 15:59:43,"OIS",2413488,"Wiley, Town of",2,NA,NA
51016,47844,"Pueblo city, Colorado","8","",62000,"","","10862000","34550",34550,"C1","1085","0547","Pueblo",2002-10-18 15:59:43,"OIS",2002-10-18 15:59:43,"OIS",2411501,"Pueblo, City of",2,26971366.8,0.0163165156512646
51016,47844,"Pueblo city, Colorado","8","",62000,"","","10862000","34550",34550,"C1","1085","0547","Pueblo",2002-10-18 15:59:43,"OIS",2002-10-18 15:59:43,"OIS",2411501,"Pueblo, City of",3,10155505.2,0.00614364339675581
51018,115,"Rye town, Colorado","8","",66895,"","","10866895","55938",55938,"C1","1150","0574","Rye",2002-10-18 15:59:43,"OIS",2002-10-18 15:59:43,"OIS",2412588,"Rye, Town of",2,104681.4,0.0162728921927538
51018,115,"Rye town, Colorado","8","",66895,"","","10866895","55938",55938,"C1","1150","0574","Rye",2002-10-18 15:59:43,"OIS",2002-10-18 15:59:43,"OIS",2412588,"Rye, Town of",3,94533.6,0.0146954003423044
52007,1220.4,"Meeker town, Colorado","8","",49875,"","","10849875","50054",50054,"C1","0875","0464","Meeker",2002-10-18 15:59:43,"OIS",2002-10-18 15:59:43,"OIS",2412977,"Meeker, Town of",2,670998.2,0.0109845018641748
52015,1029.8,"Rangely town, Colorado","8","",62880,"","","10862880","68750",68750,"C1","1095","0552","Rangely",2002-10-18 15:59:43,"OIS",2002-10-18 15:59:43,"OIS",2412528,"Rangely, Town of",2,1069586.6,0.0151074220943166
52015,1029.8,"Rangely town, Colorado","8","",62880,"","","10862880","68750",68750,"C1","1095","0552","Rangely",2002-10-18 15:59:43,"OIS",2002-10-18 15:59:43,"OIS",2412528,"Rangely, Town of",3,395464,0.00558574833595226
53002,855.8,"Del Norte town, Colorado","8","",19795,"","","10819795","29032",29032,"C1","0310","0239","Del Norte",2002-10-18 15:59:43,"OIS",2002-10-18 15:59:43,"OIS",2412416,"Del Norte, Town of",2,337051.4,0.0135658464817992
53002,855.8,"Del Norte town, Colorado","8","",19795,"","","10819795","29032",29032,"C1","0310","0239","Del Norte",2002-10-18 15:59:43,"OIS",2002-10-18 15:59:43,"OIS",2412416,"Del Norte, Town of",3,242035.4,0.00974158564409124
53005,1972.4,"Monte Vista city, Colorado","8","",51635,"","","10851635","37188",37188,"C1","0900","0478","Monte Vista",2002-10-18 15:59:43,"OIS",2002-10-18 15:59:43,"OIS",2411143,"Monte Vista, City of",2,703779.5,0.0095948634012664
53005,1972.4,"Monte Vista city, Colorado","8","",51635,"","","10851635","37188",37188,"C1","0900","0478","Monte Vista",2002-10-18 15:59:43,"OIS",2002-10-18 15:59:43,"OIS",2411143,"Monte Vista, City of",3,728794.5,0.00993590133712938
54010,511.8,"Oak Creek town, Colorado","8","",55155,"","","10855155","39773",39773,"C1","0965","0499","Oak Creek",2002-10-18 15:59:43,"OIS",2002-10-18 15:59:43,"OIS",2413061,"Oak Creek, Town of",2,287366.2,0.0141171507822327
54010,511.8,"Oak Creek town, Colorado","8","",55155,"","","10855155","39773",39773,"C1","0965","0499","Oak Creek",2002-10-18 15:59:43,"OIS",2002-10-18 15:59:43,"OIS",2413061,"Oak Creek, Town of",3,276735,0.0135948824939091
55004,112.8,"Crestone town, Colorado","8","",18420,"","","10818420","25625",25625,"C1","0275","0227","Crestone",2002-10-18 15:59:43,"OIS",2002-10-18 15:59:43,"OIS",2412387,"Crestone, Town of",2,57300.6666666667,0.0198237905783313
55004,112.8,"Crestone town, Colorado","8","",18420,"","","10818420","25625",25625,"C1","0275","0227","Crestone",2002-10-18 15:59:43,"OIS",2002-10-18 15:59:43,"OIS",2412387,"Crestone, Town of",3,20458,0.00707766822349075
56002,503,"Silverton town, Colorado","8","",70580,"","","10870580","35699",35699,"C1","1225","0597","Silverton",2002-10-18 15:59:43,"OIS",2002-10-18 15:59:43,"OIS",2413289,"Silverton, Town of",2,240097.6,0.0133709967428684
56002,503,"Silverton town, Colorado","8","",70580,"","","10870580","35699",35699,"C1","1225","0597","Silverton",2002-10-18 15:59:43,"OIS",2002-10-18 15:59:43,"OIS",2413289,"Silverton, Town of",3,250677.6,0.0139601952418936
57007,253.4,"Norwood town, Colorado","8","",54880,"","","10854880","41094",41094,"C1","0950","0496","Norwood",2002-10-18 15:59:43,"OIS",2002-10-18 15:59:43,"OIS",2413057,"Norwood, Town of",2,406306.8,0.0390183646948154
57008,73.2,"Ophir town, Colorado","8","",55870,"","","10855870","70000",70000,"C1","0980","0503","Ophir",2002-10-18 15:59:43,"OIS",2002-10-18 15:59:43,"OIS",2413085,"Ophir, Town of",2,53733,0.0104865339578454
57014,2097,"Telluride town, Colorado","8","",76795,"","","10876795","62000",62000,"C1","1280","0624","Telluride",2002-10-18 15:59:43,"OIS",2002-10-18 15:59:43,"OIS",2413371,"Telluride, Town of",2,512861.6,0.00394466442075469
57014,2097,"Telluride town, Colorado","8","",76795,"","","10876795","62000",62000,"C1","1280","0624","Telluride",2002-10-18 15:59:43,"OIS",2002-10-18 15:59:43,"OIS",2413371,"Telluride, Town of",3,1452908.2,0.0111750134600889
57017,23,"Sawpit town, Colorado","8","",68655,"","","10868655","",NA,"C1","1175","0583","Sawpit",2002-10-18 15:59:43,"OIS",2002-10-18 15:59:43,"OIS",2413263,"Sawpit, Town of",2,7746.4,NA
58004,730.2,"Julesburg town, Colorado","8","",39965,"","","10839965","41500",41500,"C1","0695","0397","Julesburg",2002-10-18 15:59:43,"OIS",2002-10-18 15:59:43,"OIS",2412812,"Julesburg, Town of",2,290754.6,0.00959481640613398
58004,730.2,"Julesburg town, Colorado","8","",39965,"","","10839965","41500",41500,"C1","0695","0397","Julesburg",2002-10-18 15:59:43,"OIS",2002-10-18 15:59:43,"OIS",2412812,"Julesburg, Town of",3,194163,0.00640732197483442
58007,176,"Ovid town, Colorado","8","",56475,"","","10856475","25417",25417,"C1","1010","0509","Ovid",2002-10-18 15:59:43,"OIS",2002-10-18 15:59:43,"OIS",2413096,"Ovid, Town of",2,40982.2,0.00916132545504619
58007,176,"Ovid town, Colorado","8","",56475,"","","10856475","25417",25417,"C1","1010","0509","Ovid",2002-10-18 15:59:43,"OIS",2002-10-18 15:59:43,"OIS",2413096,"Ovid, Town of",3,52467.2,0.0117287284458863
59004,7077.6,"Breckenridge town, Colorado","8","",8400,"","","10808400","61394",61394,"C1","0125","0158","Breckenridge",2002-10-18 15:59:43,"OIS",2002-10-18 15:59:43,"OIS",2411722,"Breckenridge, Town of",2,3188415.6,0.00733775118474138
59009,1290.8,"Dillon town, Colorado","8","",20440,"","","10820440","54688",54688,"C1","0330","0245","Dillon",2002-10-18 15:59:43,"OIS",2002-10-18 15:59:43,"OIS",2412431,"Dillon, Town of",2,711877.2,0.0100844933936761
59009,1290.8,"Dillon town, Colorado","8","",20440,"","","10820440","54688",54688,"C1","0330","0245","Dillon",2002-10-18 15:59:43,"OIS",2002-10-18 15:59:43,"OIS",2412431,"Dillon, Town of",3,651106.8,0.00922361640909072
59015,3154.8,"Frisco town, Colorado","8","",28690,"","","10828690","70893",70893,"C1","0500","0304","Frisco",2002-10-18 15:59:43,"OIS",2002-10-18 15:59:43,"OIS",2412661,"Frisco, Town of",2,884369.2,0.00395419808912723
59018,2105.4,"Silverthorne town, Colorado","8","",70525,"","","10870525","70938",70938,"C1","1222","0596","Silverthorne",2002-10-18 15:59:43,"OIS",2002-10-18 15:59:43,"OIS",2413288,"Silverthorne, Town of",2,1466732.6,0.00982058561806553
59018,2105.4,"Silverthorne town, Colorado","8","",70525,"","","10870525","70938",70938,"C1","1222","0596","Silverthorne",2002-10-18 15:59:43,"OIS",2002-10-18 15:59:43,"OIS",2413288,"Silverthorne, Town of",3,1395973,0.00934681097768454
60015,3225.6,"Woodland Park city, Colorado","8","",86090,"","","10886090","64945",64945,"C1","1380","0684","Woodland Park",2002-10-18 15:59:43,"OIS",2002-10-18 15:59:43,"OIS",2412303,"Woodland Park, City of",2,1476620.4,0.00704875851911324
60015,3225.6,"Woodland Park city, Colorado","8","",86090,"","","10886090","64945",64945,"C1","1380","0684","Woodland Park",2002-10-18 15:59:43,"OIS",2002-10-18 15:59:43,"OIS",2412303,"Woodland Park, City of",3,1241355.6,0.00592570430474137
61002,844.4,"Akron town, Colorado","8","",925,"","","10800925","40972",40972,"C1","0010","0105","Akron",2002-10-18 15:59:43,"OIS",2002-10-18 15:59:43,"OIS",2412340,"Akron, Town of",2,290588.2,0.00839929019011401
61002,844.4,"Akron town, Colorado","8","",925,"","","10800925","40972",40972,"C1","0010","0105","Akron",2002-10-18 15:59:43,"OIS",2002-10-18 15:59:43,"OIS",2412340,"Akron, Town of",3,224471.4,0.00648822088433445
61006,248,"Otis town, Colorado","8","",56365,"","","10856365","38977",38977,"C1","1000","0507","Otis",2002-10-18 15:59:43,"OIS",2002-10-18 15:59:43,"OIS",2413094,"Otis, Town of",2,117879.8,0.0121949296814416
62003,616.8,"Ault town, Colorado","8","",3950,"","","10803950","50368",50368,"C1","0050","0125","Ault",2002-10-18 15:59:43,"OIS",2002-10-18 15:59:43,"OIS",2411653,"Ault, Town of",2,396553.6,0.0127644711318985
62003,616.8,"Ault town, Colorado","8","",3950,"","","10803950","50368",50368,"C1","0050","0125","Ault",2002-10-18 15:59:43,"OIS",2002-10-18 15:59:43,"OIS",2411653,"Ault, Town of",3,329968.6,0.0106211989227509
62007,1583.8,"Dacono city, Colorado","8","",19080,"","","10819080","48516",48516,"C1","0295","0233","Dacono",2002-10-18 15:59:43,"OIS",2002-10-18 15:59:43,"OIS",2410283,"Dacono, City of",2,1096314.4,0.0142675627916262
62008,1729,"Eaton town, Colorado","8","",22860,"","","10822860","69242",69242,"C1","0370","0263","Eaton",2002-10-18 15:59:43,"OIS",2002-10-18 15:59:43,"OIS",2412462,"Eaton, Town of",2,1082976.6,0.00904595610379596
62008,1729,"Eaton town, Colorado","8","",22860,"","","10822860","69242",69242,"C1","0370","0263","Eaton",2002-10-18 15:59:43,"OIS",2002-10-18 15:59:43,"OIS",2412462,"Eaton, Town of",3,649151.4,0.00542227326898632
62011,6847.6,"Evans city, Colorado","8","",25280,"","","10825280","47791",47791,"C1","0415","0285","Evans",2002-10-18 15:59:43,"OIS",2002-10-18 15:59:43,"OIS",2410467,"Evans, City of",2,4278702.6,0.0130745755748811
62011,6847.6,"Evans city, Colorado","8","",25280,"","","10825280","47791",47791,"C1","0415","0285","Evans",2002-10-18 15:59:43,"OIS",2002-10-18 15:59:43,"OIS",2410467,"Evans, City of",3,1751833.6,0.00535313690599014
62012,3657.4,"Firestone town, Colorado","8","",26600,"","","10826600","81745",81745,"C1","0435","0293","Firestone",2002-10-18 15:59:43,"OIS",2002-10-18 15:59:43,"OIS",2412626,"Firestone, Town of",2,2076628.4,0.00694584568499988
62016,3319.2,"Frederick town, Colorado","8","",28360,"","","10828360","89386",89386,"C1","0490","0303","Frederick",2002-10-18 15:59:43,"OIS",2002-10-18 15:59:43,"OIS",2412656,"Frederick, Town of",2,2426139.6,0.00817735518020028
62020,346,"Gilcrest town, Colorado","8","",29955,"","","10829955","46875",46875,"C1","0525","0322","Gilcrest",2002-10-18 15:59:43,"OIS",2002-10-18 15:59:43,"OIS",2412683,"Gilcrest, Town of",2,186059.6,0.0114718828516378
62020,346,"Gilcrest town, Colorado","8","",29955,"","","10829955","46875",46875,"C1","0525","0322","Gilcrest",2002-10-18 15:59:43,"OIS",2002-10-18 15:59:43,"OIS",2412683,"Gilcrest, Town of",3,162072.8,0.00999292793834297
62022,36553.4,"Greeley city, Colorado","8","",32155,"","","10832155","48813",48813,"C1","0570","0342","Greeley",2002-10-18 15:59:43,"OIS",2002-10-18 15:59:43,"OIS",2410654,"Greeley, City of",2,24195002.4,0.0135600843429025
62022,36553.4,"Greeley city, Colorado","8","",32155,"","","10832155","48813",48813,"C1","0570","0342","Greeley",2002-10-18 15:59:43,"OIS",2002-10-18 15:59:43,"OIS",2410654,"Greeley, City of",3,7738212.4,0.00433687961970584
62023,90,"Grover town, Colorado","8","",33310,"","","10833310","",NA,"C1","0585","0347","Grover",2002-10-18 15:59:43,"OIS",2002-10-18 15:59:43,"OIS",2412712,"Grover, Town of",2,79816.2,NA
62023,90,"Grover town, Colorado","8","",33310,"","","10833310","",NA,"C1","0585","0347","Grover",2002-10-18 15:59:43,"OIS",2002-10-18 15:59:43,"OIS",2412712,"Grover, Town of",3,38650.6,NA
62029,561.2,"Hudson town, Colorado","8","",37820,"","","10837820","49306",49306,"C1","0650","0379","Hudson",2002-10-18 15:59:43,"OIS",2002-10-18 15:59:43,"OIS",2412776,"Hudson, Town of",2,673743.6,0.0243487807489262
62029,561.2,"Hudson town, Colorado","8","",37820,"","","10837820","49306",49306,"C1","0650","0379","Hudson",2002-10-18 15:59:43,"OIS",2002-10-18 15:59:43,"OIS",2412776,"Hudson, Town of",3,509098.4,0.0183985796989079
62033,465.2,"Keenesburg town, Colorado","8","",40185,"","","10840185","53264",53264,"C1","0700","0399","Keenesburg",2002-10-18 15:59:43,"OIS",2002-10-18 15:59:43,"OIS",2412820,"Keenesburg, Town of",2,324894.4,0.0131119940014883
62033,465.2,"Keenesburg town, Colorado","8","",40185,"","","10840185","53264",53264,"C1","0700","0399","Keenesburg",2002-10-18 15:59:43,"OIS",2002-10-18 15:59:43,"OIS",2412820,"Keenesburg, Town of",3,194344.6,0.00784330302221779
62035,533.4,"Kersey town, Colorado","8","",40515,"","","10840515","55179",55179,"C1","0710","0401","Kersey",2002-10-18 15:59:43,"OIS",2002-10-18 15:59:43,"OIS",2412828,"Kersey, Town of",2,295754.2,0.0100485658723965
62035,533.4,"Kersey town, Colorado","8","",40515,"","","10840515","55179",55179,"C1","0710","0401","Kersey",2002-10-18 15:59:43,"OIS",2002-10-18 15:59:43,"OIS",2412828,"Kersey, Town of",3,303829.6,0.0103229362409186
62037,748.4,"La Salle town, Colorado","8","",43605,"","","10843605","48906",48906,"C1","0775","0413","La Salle",2002-10-18 15:59:43,"OIS",2002-10-18 15:59:43,"OIS",2412856,"La Salle, Town of",2,542213.8,0.0148140785922439
62037,748.4,"La Salle town, Colorado","8","",43605,"","","10843605","48906",48906,"C1","0775","0413","La Salle",2002-10-18 15:59:43,"OIS",2002-10-18 15:59:43,"OIS",2412856,"La Salle, Town of",3,351341.6,0.00959916932236829
62038,1870.4,"Lochbuie town, Colorado","8","",45530,"","","10845530","49415",49415,"C1","0813","0437","Lochbuie",2002-10-18 15:59:43,"OIS",2002-10-18 15:59:43,"OIS",2412905,"Lochbuie, Town of",2,939886.2,0.0101690873900426
62038,1870.4,"Lochbuie town, Colorado","8","",45530,"","","10845530","49415",49415,"C1","0813","0437","Lochbuie",2002-10-18 15:59:43,"OIS",2002-10-18 15:59:43,"OIS",2412905,"Lochbuie, Town of",3,1122596.6,0.0121459203562779
62040,1295.4,"Mead town, Colorado","8","",49600,"","","10849600","95033",95033,"C1","0865","0463","Mead",2002-10-18 15:59:43,"OIS",2002-10-18 15:59:43,"OIS",2412970,"Mead, Town of",3,497127,0.00403821110930058
62043,1999.2,"Milliken town, Colorado","8","",50480,"","","10850480","72273",72273,"C1","0885","0471","Milliken",2002-10-18 15:59:43,"OIS",2002-10-18 15:59:43,"OIS",2413000,"Milliken, Town of",2,1050278.4,0.0072689571449351
62043,1999.2,"Milliken town, Colorado","8","",50480,"","","10850480","72273",72273,"C1","0885","0471","Milliken",2002-10-18 15:59:43,"OIS",2002-10-18 15:59:43,"OIS",2413000,"Milliken, Town of",3,748571.4,0.00518084864596289
62045,197.8,"Nunn town, Colorado","8","",55045,"","","10855045","50455",50455,"C1","0960","0498","Nunn",2002-10-18 15:59:43,"OIS",2002-10-18 15:59:43,"OIS",2413059,"Nunn, Town of",2,173417.8,0.017376534807268
62046,337,"Pierce town, Colorado","8","",59005,"","","10859005","57917",57917,"C1","1045","0530","Pierce",2002-10-18 15:59:43,"OIS",2002-10-18 15:59:43,"OIS",2413129,"Pierce, Town of",2,225382,0.0115473749936533
62046,337,"Pierce town, Colorado","8","",59005,"","","10859005","57917",57917,"C1","1045","0530","Pierce",2002-10-18 15:59:43,"OIS",2002-10-18 15:59:43,"OIS",2413129,"Pierce, Town of",3,177757.6,0.00910735402637223
62050,940.4,"Platteville town, Colorado","8","",60160,"","","10860160","57227",57227,"C1","1055","0537","Platteville",2002-10-18 15:59:43,"OIS",2002-10-18 15:59:43,"OIS",2412489,"Platteville, Town of",2,675213,0.012546633015679
62050,940.4,"Platteville town, Colorado","8","",60160,"","","10860160","57227",57227,"C1","1055","0537","Platteville",2002-10-18 15:59:43,"OIS",2002-10-18 15:59:43,"OIS",2412489,"Platteville, Town of",3,385121.6,0.00715622978469181
62051,55,"Raymer (New Raymer) town, Colorado","8","",63045,"","","10863045","51875",51875,"C1","1100","0553","Raymer (a.k.a. New Raymer)",2002-10-18 15:59:43,"OIS",2002-10-18 15:59:43,"OIS",2412533,"Raymer, Town of",2,16995.2,0.00595669660460022
62053,1201.8,"Severance town, Colorado","8","",69150,"","","10869150","85625",85625,"C1","1195","0589","Severance",2002-10-18 15:59:43,"OIS",2002-10-18 15:59:43,"OIS",2413272,"Severance, Town of",2,618428.2,0.006009751309775
62053,1201.8,"Severance town, Colorado","8","",69150,"","","10869150","85625",85625,"C1","1195","0589","Severance",2002-10-18 15:59:43,"OIS",2002-10-18 15:59:43,"OIS",2413272,"Severance, Town of",3,347395.4,0.00337591325906517
63003,132,"Eckley town, Colorado","8","",23025,"","","10823025","38375",38375,"C1","0375","0265","Eckley",2002-10-18 15:59:43,"OIS",2002-10-18 15:59:43,"OIS",2412464,"Eckley, Town of",2,112197.6,0.0221493633402428
63003,132,"Eckley town, Colorado","8","",23025,"","","10823025","38375",38375,"C1","0375","0265","Eckley",2002-10-18 15:59:43,"OIS",2002-10-18 15:59:43,"OIS",2412464,"Eckley, Town of",3,47797,0.00943579113611687
63010,1020.4,"Wray city, Colorado","8","",86310,"","","10886310","40850",40850,"C1","1385","0687","Wray",2002-10-18 15:59:43,"OIS",2002-10-18 15:59:43,"OIS",2412310,"Wray, City of",2,325671.8,0.00781299675122003
63010,1020.4,"Wray city, Colorado","8","",86310,"","","10886310","40850",40850,"C1","1385","0687","Wray",2002-10-18 15:59:43,"OIS",2002-10-18 15:59:43,"OIS",2412310,"Wray, City of",3,181451,0.0043530820706786
63017,1490.2,"Yuma city, Colorado","8","",86750,"","","10886750","37123",37123,"C1","1395","0691","Yuma",2002-10-18 15:59:43,"OIS",2002-10-18 15:59:43,"OIS",2412329,"Yuma, City of",2,474775.4,0.0085822385896073
63017,1490.2,"Yuma city, Colorado","8","",86750,"","","10886750","37123",37123,"C1","1395","0691","Yuma",2002-10-18 15:59:43,"OIS",2002-10-18 15:59:43,"OIS",2412329,"Yuma, City of",3,415050.8,0.00750263175473578
64009,45203.8,"Arvada city, Colorado","8","",3455,"","","10803455","69938",69938,"C1","0040","0120","Arvada",2002-10-18 15:59:43,"OIS",2002-10-18 15:59:43,"OIS",2409737,"Arvada, City of",2,19120600,0.00604802200629923
64009,45203.8,"Arvada city, Colorado","8","",3455,"","","10803455","69938",69938,"C1","0040","0120","Arvada",2002-10-18 15:59:43,"OIS",2002-10-18 15:59:43,"OIS",2409737,"Arvada, City of",3,10374000,0.00328139181267053
64010,132556,"Aurora city, Colorado","8","",4000,"","","10804000","53011",53011,"C1","0055","0126","Aurora",2002-10-18 15:59:43,"OIS",2002-10-18 15:59:43,"OIS",2409757,"Aurora, City of",2,69302289.6,0.00986239053264012
64010,132556,"Aurora city, Colorado","8","",4000,"","","10804000","53011",53011,"C1","0055","0126","Aurora",2002-10-18 15:59:43,"OIS",2002-10-18 15:59:43,"OIS",2409757,"Aurora, City of",3,46934002.8,0.00667916554482242
64017,1920.4,"Basalt town, Colorado","8","",4935,"","","10804935","69583",69583,"C1","0060","0716","Basalt",2002-10-18 15:59:43,"OIS",2002-10-18 15:59:43,"OIS",2411665,"Basalt, Town of",2,747589.6,0.00559459180498599
64030,23372.8,"Broomfield city, Colorado","8","",9280,"","","10809280","81898",81898,"C1","0143","0796","Broomfield",2002-10-18 15:59:43,"OIS",2002-10-18 15:59:43,"OIS",2409919,"Broomfield, City and County of",2,21854216.2,0.0114169788406488
64030,23372.8,"Broomfield city, Colorado","8","",9280,"","","10809280","81898",81898,"C1","0143","0796","Broomfield",2002-10-18 15:59:43,"OIS",2002-10-18 15:59:43,"OIS",2409919,"Broomfield, City and County of",3,9824706.4,0.0051325778082303
64039,925,"Center town, Colorado","8","",12855,"","","10812855","25130",25130,"C1","0195","0186","Center",2002-10-18 15:59:43,"OIS",2002-10-18 15:59:43,"OIS",2413186,"Center, Town of",2,355330,0.0152861337262451
64060,6924.2,"Erie town, Colorado","8","",24950,"","","10824950","111745",111745,"C1","0400","0702","Erie",2002-10-18 15:59:43,"OIS",2002-10-18 15:59:43,"OIS",2412599,"Erie, Town of",2,5398943.2,0.00697768010255486
64060,6924.2,"Erie town, Colorado","8","",24950,"","","10824950","111745",111745,"C1","0400","0702","Erie",2002-10-18 15:59:43,"OIS",2002-10-18 15:59:43,"OIS",2412599,"Erie, Town of",3,3271368.6,0.00422796883440869
64085,19519.8,"Littleton city, Colorado","8","",45255,"","","10845255","65221",65221,"C1","0810","0435","Littleton",2002-10-18 15:59:43,"OIS",2002-10-18 15:59:43,"OIS",2410845,"Littleton, City of",3,8476432,0.00665809926073103
64205,35433,"Longmont city, Colorado","8","",45970,"","","10845970","62208",62208,"C1","0820","0440","Longmont",2002-10-18 15:59:43,"OIS",2002-10-18 15:59:43,"OIS",2410869,"Longmont, City of",2,13620644.2,0.00617935982885569
64205,35433,"Longmont city, Colorado","8","",45970,"","","10845970","62208",62208,"C1","0820","0440","Longmont",2002-10-18 15:59:43,"OIS",2002-10-18 15:59:43,"OIS",2410869,"Longmont, City of",3,9159022,0.00415522876799069
64225,7712.2,"Windsor town, Colorado","8","",85485,"","","10885485","80512",80512,"C1","1375","0680","Windsor",2002-10-18 15:59:43,"OIS",2002-10-18 15:59:43,"OIS",2413496,"Windsor, Town of",2,3640609.2,0.00586320614120818
64225,7712.2,"Windsor town, Colorado","8","",85485,"","","10885485","80512",80512,"C1","1375","0680","Windsor",2002-10-18 15:59:43,"OIS",2002-10-18 15:59:43,"OIS",2413496,"Windsor, Town of",3,1936348,0.00311849112646207
64237,2131.4,"Berthoud town, Colorado","8","",6255,"","","10806255","59477",59477,"C1","0080","0139","Berthoud",2002-10-18 15:59:43,"OIS",2002-10-18 15:59:43,"OIS",2411681,"Berthoud, Town of",2,1451146,0.0114471425978259
64237,2131.4,"Berthoud town, Colorado","8","",6255,"","","10806255","59477",59477,"C1","0080","0139","Berthoud",2002-10-18 15:59:43,"OIS",2002-10-18 15:59:43,"OIS",2411681,"Berthoud, Town of",3,1332977.6,0.0105149893028735
64258,898,"Bennett town, Colorado","8","",6090,"","","10806090","50750",50750,"C1","0075","0727","Bennett",2002-10-18 15:59:43,"OIS",2002-10-18 15:59:43,"OIS",2411676,"Bennett, Town of",2,662637.2,0.0145399673055613
64258,898,"Bennett town, Colorado","8","",6090,"","","10806090","50750",50750,"C1","0075","0727","Bennett",2002-10-18 15:59:43,"OIS",2002-10-18 15:59:43,"OIS",2411676,"Bennett, Town of",3,338271.4,0.00742254599712552
64263,493,"Central City city, Colorado","8","",12910,"","","10812910","47132",47132,"C1","0200","0187","Central City",2002-10-18 15:59:43,"OIS",2002-10-18 15:59:43,"OIS",2409427,"Central City",2,871177.6,0.0374924578487349
64264,43906.8,"Thornton city, Colorado","8","",77290,"","","10877290","66948",66948,"C1","1285","0628","Thornton",2002-10-18 15:59:43,"OIS",2002-10-18 15:59:43,"OIS",2412064,"Thornton, City of",2,26553658.4,0.00903347756585387
64264,43906.8,"Thornton city, Colorado","8","",77290,"","","10877290","66948",66948,"C1","1285","0628","Thornton",2002-10-18 15:59:43,"OIS",2002-10-18 15:59:43,"OIS",2412064,"Thornton, City of",3,12128134,0.00412595600780454
64266,3978.2,"Johnstown town, Colorado","8","",39855,"","","10839855","81313",81313,"C1","0690","0396","Johnstown",2002-10-18 15:59:43,"OIS",2002-10-18 15:59:43,"OIS",2412807,"Johnstown, Town of",2,1502464.4,0.00464469919471212
64266,3978.2,"Johnstown town, Colorado","8","",39855,"","","10839855","81313",81313,"C1","0690","0396","Johnstown",2002-10-18 15:59:43,"OIS",2002-10-18 15:59:43,"OIS",2412807,"Johnstown, Town of",3,1193603.2,0.00368988963854705
