"LG_ID","housingunits","geoname","state","county","place","tract","bg","geonum","b19013001","mhi","FIPS_CLASS_CODE","PLACECE","DOR_CODE","NAME.x","CREATED_ON","CREATED_BY","UPDATED_ON","UPDATED_BY","FEATURE_ID","NAME.y","CM_FUND_TYPE_ID","rev","s5metric"
1009,4882.6,"Federal Heights city, Colorado","8","",26270,"","","10826270","36800",36800,"C1","0430","0292","Federal Heights",2002-10-18 15:59:43,"OIS",2002-10-18 15:59:43,"OIS",2410493,"Federal Heights, City of",1,2948402.2,0.0164092133289641
2003,3731.6,"Alamosa city, Colorado","8","",1090,"","","10801090","27850",27850,"C1","0015","0106","Alamosa",2002-10-18 15:59:43,"OIS",2002-10-18 15:59:43,"OIS",2409673,"Alamosa, City of",1,2117221.58,0.0203725798185731
3033,274.6,"Deer Trail town, Colorado","8","",19630,"","","10819630","36111",36111,"C1","0305","0238","Deer Trail",2002-10-18 15:59:43,"OIS",2002-10-18 15:59:43,"OIS",2412415,"Deer Trail, Town of",2,100541.02,0.0101391894696782
3033,274.6,"Deer Trail town, Colorado","8","",19630,"","","10819630","36111",36111,"C1","0305","0238","Deer Trail",2002-10-18 15:59:43,"OIS",2002-10-18 15:59:43,"OIS",2412415,"Deer Trail, Town of",3,122068.3,0.0123101359220497
3041,15534,"Englewood city, Colorado","8","",24785,"","","10824785","47046",47046,"C1","0395","0281","Englewood",2002-10-18 15:59:43,"OIS",2002-10-18 15:59:43,"OIS",2410441,"Englewood, City of",2,8016592.64,0.0109694236729077
3041,15534,"Englewood city, Colorado","8","",24785,"","","10824785","47046",47046,"C1","0395","0281","Englewood",2002-10-18 15:59:43,"OIS",2002-10-18 15:59:43,"OIS",2410441,"Englewood, City of",3,15864300.02,0.0217077549038963
3043,2716.2,"Glendale city, Colorado","8","",30340,"","","10830340","37189",37189,"C1","0530","0329","Glendale",2002-10-18 15:59:43,"OIS",2002-10-18 15:59:43,"OIS",2410598,"Glendale, City of",2,1773769.38,0.0175598543034787
3043,2716.2,"Glendale city, Colorado","8","",30340,"","","10830340","37189",37189,"C1","0530","0329","Glendale",2002-10-18 15:59:43,"OIS",2002-10-18 15:59:43,"OIS",2410598,"Glendale, City of",3,1345933.42,0.0133243898693205
5003,75,"Campo town, Colorado","8","",11645,"","","10811645","",NA,"C1","0170","0178","Campo",2002-10-18 15:59:43,"OIS",2002-10-18 15:59:43,"OIS",2413155,"Campo, Town of",1,54686,NA
5003,75,"Campo town, Colorado","8","",11645,"","","10811645","",NA,"C1","0170","0178","Campo",2002-10-18 15:59:43,"OIS",2002-10-18 15:59:43,"OIS",2413155,"Campo, Town of",2,69566.9,NA
5006,76,"Pritchett town, Colorado","8","",61315,"","","10861315","51875",51875,"C1","1075","0543","Pritchett",2002-10-18 15:59:43,"OIS",2002-10-18 15:59:43,"OIS",2412509,"Pritchett, Town of",2,34469.26,0.00874299556119214
5006,76,"Pritchett town, Colorado","8","",61315,"","","10861315","51875",51875,"C1","1075","0543","Pritchett",2002-10-18 15:59:43,"OIS",2002-10-18 15:59:43,"OIS",2412509,"Pritchett, Town of",3,14741.62,0.00373915535827521
5011,828.8,"Springfield town, Colorado","8","",73330,"","","10873330","33029",33029,"C1","1240","0609","Springfield",2002-10-18 15:59:43,"OIS",2002-10-18 15:59:43,"OIS",2413324,"Springfield, Town of",2,257863.74,0.00941987435050349
5011,828.8,"Springfield town, Colorado","8","",73330,"","","10873330","33029",33029,"C1","1240","0609","Springfield",2002-10-18 15:59:43,"OIS",2002-10-18 15:59:43,"OIS",2413324,"Springfield, Town of",3,149652.84,0.00546688320349346
5016,37,"Two Buttes town, Colorado","8","",79270,"","","10879270","24375",24375,"C1","1300","0639","Two Buttes",2002-10-18 15:59:43,"OIS",2002-10-18 15:59:43,"OIS",2413409,"Two Buttes, Town of",1,16698,0.0185147609147609
5019,60,"Vilas town, Colorado","8","",81030,"","","10881030","32500",32500,"C1","1315","0648","Vilas",2002-10-18 15:59:43,"OIS",2002-10-18 15:59:43,"OIS",2413433,"Vilas, Town of",1,34793.1,0.0178426153846154
5019,60,"Vilas town, Colorado","8","",81030,"","","10881030","32500",32500,"C1","1315","0648","Vilas",2002-10-18 15:59:43,"OIS",2002-10-18 15:59:43,"OIS",2413433,"Vilas, Town of",2,31684.9333333333,0.0162486837606838
5023,350,"Walsh town, Colorado","8","",82460,"","","10882460","34712",34712,"C1","1335","0657","Walsh",2002-10-18 15:59:43,"OIS",2002-10-18 15:59:43,"OIS",2413444,"Walsh, Town of",1,270684.76,0.0222800480690087
6005,1214,"Las Animas city, Colorado","8","",43660,"","","10843660","29260",29260,"C1","0780","0424","Las Animas",2002-10-18 15:59:43,"OIS",2002-10-18 15:59:43,"OIS",2411628,"Las Animas, City of",2,621217.74,0.0174884307143476
6005,1214,"Las Animas city, Colorado","8","",43660,"","","10843660","29260",29260,"C1","0780","0424","Las Animas",2002-10-18 15:59:43,"OIS",2002-10-18 15:59:43,"OIS",2411628,"Las Animas, City of",3,424199.36,0.0119419981735078
7006,44221,"Boulder city, Colorado","8","",7850,"","","10807850","58484",58484,"C1","0110","0152","Boulder",2002-10-18 15:59:43,"OIS",2002-10-18 15:59:43,"OIS",2409883,"Boulder, City of",2,19622840,0.00758745686201931
7006,44221,"Boulder city, Colorado","8","",7850,"","","10807850","58484",58484,"C1","0110","0152","Boulder",2002-10-18 15:59:43,"OIS",2002-10-18 15:59:43,"OIS",2409883,"Boulder, City of",3,13382840,0.00517466998616442
7018,138.2,"Jamestown town, Colorado","8","",39195,"","","10839195","55313",55313,"C1","0685","0391","Jamestown",2002-10-18 15:59:43,"OIS",2002-10-18 15:59:43,"OIS",2412800,"Jamestown, Town of",2,71173.72,0.00931074448756731
7020,10348.6,"Lafayette city, Colorado","8","",41835,"","","10841835","70714",70714,"C1","0735","0415","Lafayette",2002-10-18 15:59:43,"OIS",2002-10-18 15:59:43,"OIS",2411592,"Lafayette, City of",2,6038312.2,0.00825141744274141
7020,10348.6,"Lafayette city, Colorado","8","",41835,"","","10841835","70714",70714,"C1","0735","0415","Lafayette",2002-10-18 15:59:43,"OIS",2002-10-18 15:59:43,"OIS",2411592,"Lafayette, City of",3,2714162.14,0.00370893125142227
7029,8048.2,"Louisville city, Colorado","8","",46355,"","","10846355","91230",91230,"C1","0825","0441","Louisville",2002-10-18 15:59:43,"OIS",2002-10-18 15:59:43,"OIS",2410884,"Louisville, City of",1,6493120.92,0.00884335492599868
7032,892.4,"Lyons town, Colorado","8","",47070,"","","10847070","85577",85577,"C1","0835","0447","Lyons",2002-10-18 15:59:43,"OIS",2002-10-18 15:59:43,"OIS",2412930,"Lyons, Town of",1,2015891.8,0.0263967584884419
7032,892.4,"Lyons town, Colorado","8","",47070,"","","10847070","85577",85577,"C1","0835","0447","Lyons",2002-10-18 15:59:43,"OIS",2002-10-18 15:59:43,"OIS",2412930,"Lyons, Town of",2,934495.5,0.0122365952488302
7032,892.4,"Lyons town, Colorado","8","",47070,"","","10847070","85577",85577,"C1","0835","0447","Lyons",2002-10-18 15:59:43,"OIS",2002-10-18 15:59:43,"OIS",2412930,"Lyons, Town of",3,492453.15,0.00644834552500411
7033,750.8,"Nederland town, Colorado","8","",53175,"","","10853175","60000",60000,"C1","0935","0489","Nederland",2002-10-18 15:59:43,"OIS",2002-10-18 15:59:43,"OIS",2413037,"Nederland, Town of",2,437303.28,0.00970749600426212
7033,750.8,"Nederland town, Colorado","8","",53175,"","","10853175","60000",60000,"C1","0935","0489","Nederland",2002-10-18 15:59:43,"OIS",2002-10-18 15:59:43,"OIS",2413037,"Nederland, Town of",3,498741.48,0.0110713345764518
7042,101,"Ward town, Colorado","8","",82735,"","","10882735","61250",61250,"C1","1340","0658","Ward",2002-10-18 15:59:43,"OIS",2002-10-18 15:59:43,"OIS",2413449,"Ward, Town of",2,24230,0.00391675085875934
8002,1408.8,"Buena Vista town, Colorado","8","",10105,"","","10810105","43429",43429,"C1","0155","0168","Buena Vista",2002-10-18 15:59:43,"OIS",2002-10-18 15:59:43,"OIS",2411739,"Buena Vista, Town of",2,592830.92,0.00968950685976729
8006,369.4,"Poncha Springs town, Colorado","8","",60600,"","","10860600","39643",39643,"C1","1065","0539","Poncha Springs",2002-10-18 15:59:43,"OIS",2002-10-18 15:59:43,"OIS",2412495,"Poncha Springs, Town of",2,202539.94,0.0138307991132717
8006,369.4,"Poncha Springs town, Colorado","8","",60600,"","","10860600","39643",39643,"C1","1065","0539","Poncha Springs",2002-10-18 15:59:43,"OIS",2002-10-18 15:59:43,"OIS",2412495,"Poncha Springs, Town of",3,110369.3,0.00753676344810023
8007,2951.4,"Salida city, Colorado","8","",67280,"","","10867280","40801",40801,"C1","1160","0576","Salida",2002-10-18 15:59:43,"OIS",2002-10-18 15:59:43,"OIS",2411766,"Salida, City of",2,1209447.48,0.0100435705272302
8007,2951.4,"Salida city, Colorado","8","",67280,"","","10867280","40801",40801,"C1","1160","0576","Salida",2002-10-18 15:59:43,"OIS",2002-10-18 15:59:43,"OIS",2411766,"Salida, City of",3,1027668.96,0.00853403380393611
9007,430.2,"Cheyenne Wells town, Colorado","8","",14175,"","","10814175","43750",43750,"C1","0215","0190","Cheyenne Wells",2002-10-18 15:59:43,"OIS",2002-10-18 15:59:43,"OIS",2413197,"Cheyenne Wells, Town of",2,250536,0.0133113369197051
9013,146,"Kit Carson town, Colorado","8","",41010,"","","10841010","45000",45000,"C1","0720","0406","Kit Carson",2002-10-18 15:59:43,"OIS",2002-10-18 15:59:43,"OIS",2412842,"Kit Carson, Town of",1,132845.125,0.0202199581430746
9013,146,"Kit Carson town, Colorado","8","",41010,"","","10841010","45000",45000,"C1","0720","0406","Kit Carson",2002-10-18 15:59:43,"OIS",2002-10-18 15:59:43,"OIS",2412842,"Kit Carson, Town of",2,139107,0.0211730593607306
10005,195.6,"Empire town, Colorado","8","",24620,"","","10824620","41250",41250,"C1","0390","0280","Empire",2002-10-18 15:59:43,"OIS",2002-10-18 15:59:43,"OIS",2412485,"Empire, Town of",2,101905.4,0.0126300303649997
10005,195.6,"Empire town, Colorado","8","",24620,"","","10824620","41250",41250,"C1","0390","0280","Empire",2002-10-18 15:59:43,"OIS",2002-10-18 15:59:43,"OIS",2412485,"Empire, Town of",3,99296.02,0.0123066270062589
10007,758.8,"Georgetown town, Colorado","8","",29735,"","","10829735","62375",62375,"C1","0520","0321","Georgetown",2002-10-18 15:59:43,"OIS",2002-10-18 15:59:43,"OIS",2412677,"Georgetown, Town of",2,627541.2,0.0132588043773366
10007,758.8,"Georgetown town, Colorado","8","",29735,"","","10829735","62375",62375,"C1","0520","0321","Georgetown",2002-10-18 15:59:43,"OIS",2002-10-18 15:59:43,"OIS",2412677,"Georgetown, Town of",3,677186.54,0.0143077201318821
10008,934,"Idaho Springs city, Colorado","8","",38370,"","","10838370","46480",46480,"C1","0660","0382","Idaho Springs",2002-10-18 15:59:43,"OIS",2002-10-18 15:59:43,"OIS",2410092,"Idaho Springs, City of",2,670015.68,0.0154337681100665
10008,934,"Idaho Springs city, Colorado","8","",38370,"","","10838370","46480",46480,"C1","0660","0382","Idaho Springs",2002-10-18 15:59:43,"OIS",2002-10-18 15:59:43,"OIS",2410092,"Idaho Springs, City of",3,532992.08,0.0122774382940142
10009,145,"Silver Plume town, Colorado","8","",70360,"","","10870360","42000",42000,"C1","1220","0595","Silver Plume",2002-10-18 15:59:43,"OIS",2002-10-18 15:59:43,"OIS",2413287,"Silver Plume, Town of",2,90261.16,0.0148212085385879
10009,145,"Silver Plume town, Colorado","8","",70360,"","","10870360","42000",42000,"C1","1220","0595","Silver Plume",2002-10-18 15:59:43,"OIS",2002-10-18 15:59:43,"OIS",2413287,"Silver Plume, Town of",3,121804.5,0.0200007389162562
11001,407,"Antonito town, Colorado","8","",2355,"","","10802355","21087",21087,"C1","0025","0113","Antonito",2002-10-18 15:59:43,"OIS",2002-10-18 15:59:43,"OIS",2412370,"Antonito, Town of",1,212134.88,0.024717405101528
11009,355.2,"La Jara town, Colorado","8","",42055,"","","10842055","28000",28000,"C1","0740","0411","La Jara",2002-10-18 15:59:43,"OIS",2002-10-18 15:59:43,"OIS",2412855,"La Jara, Town of",1,260468.4,0.0261893098455598
11010,425,"Manassa town, Colorado","8","",48060,"","","10848060","33375",33375,"C1","0840","0451","Manassa",2002-10-18 15:59:43,"OIS",2002-10-18 15:59:43,"OIS",2412937,"Manassa, Town of",2,107362.9,0.00756909627671293
11010,425,"Manassa town, Colorado","8","",48060,"","","10848060","33375",33375,"C1","0840","0451","Manassa",2002-10-18 15:59:43,"OIS",2002-10-18 15:59:43,"OIS",2412937,"Manassa, Town of",3,128650.3,0.00906986032165675
11013,156,"Romeo town, Colorado","8","",65740,"","","10865740","20833",20833,"C1","1140","0570","Romeo",2002-10-18 15:59:43,"OIS",2002-10-18 15:59:43,"OIS",2412574,"Romeo, Town of",1,98175.6,0.030208360256841
11016,350,"Sanford town, Colorado","8","",67830,"","","10867830","56250",56250,"C1","1165","0580","Sanford",2002-10-18 15:59:43,"OIS",2002-10-18 15:59:43,"OIS",2413256,"Sanford, Town of",1,113035.8,0.00574150095238095
12001,167,"Blanca town, Colorado","8","",7190,"","","10807190","30250",30250,"C1","0095","0144","Blanca",2002-10-18 15:59:43,"OIS",2002-10-18 15:59:43,"OIS",2411696,"Blanca, Town of",1,111972.92,0.0221651744444994
13002,88,"Crowley town, Colorado","8","",18750,"","","10818750","27344",27344,"C1","0290","0231","Crowley",2002-10-18 15:59:43,"OIS",2002-10-18 15:59:43,"OIS",2412394,"Crowley, Town of",2,42518.86,0.0176700140300016
13002,88,"Crowley town, Colorado","8","",18750,"","","10818750","27344",27344,"C1","0290","0231","Crowley",2002-10-18 15:59:43,"OIS",2002-10-18 15:59:43,"OIS",2412394,"Crowley, Town of",3,201666.96,0.0838088794616735
13004,161,"Olney Springs town, Colorado","8","",55705,"","","10855705","31458",31458,"C1","0975","0502","Olney Springs",2002-10-18 15:59:43,"OIS",2002-10-18 15:59:43,"OIS",2413079,"Olney Springs, Town of",1,156168.866666667,0.0308345400426768
13004,161,"Olney Springs town, Colorado","8","",55705,"","","10855705","31458",31458,"C1","0975","0502","Olney Springs",2002-10-18 15:59:43,"OIS",2002-10-18 15:59:43,"OIS",2413079,"Olney Springs, Town of",2,141232,0.0278853516213474
13004,161,"Olney Springs town, Colorado","8","",55705,"","","10855705","31458",31458,"C1","0975","0502","Olney Springs",2002-10-18 15:59:43,"OIS",2002-10-18 15:59:43,"OIS",2413079,"Olney Springs, Town of",3,27557.5,0.00544105144234509
13006,540.8,"Ordway town, Colorado","8","",56145,"","","10856145","27589",27589,"C1","0995","0506","Ordway",2002-10-18 15:59:43,"OIS",2002-10-18 15:59:43,"OIS",2413090,"Ordway, Town of",2,283272.18,0.0189859040917817
13006,540.8,"Ordway town, Colorado","8","",56145,"","","10856145","27589",27589,"C1","0995","0506","Ordway",2002-10-18 15:59:43,"OIS",2002-10-18 15:59:43,"OIS",2413090,"Ordway, Town of",3,118548.7,0.00794555345465059
13007,151,"Sugar City town, Colorado","8","",74815,"","","10874815","32500",32500,"C1","1265","0620","Sugar City",2002-10-18 15:59:43,"OIS",2002-10-18 15:59:43,"OIS",2413346,"Sugar City, Town of",2,129282.94,0.0263439510952624
13007,151,"Sugar City town, Colorado","8","",74815,"","","10874815","32500",32500,"C1","1265","0620","Sugar City",2002-10-18 15:59:43,"OIS",2002-10-18 15:59:43,"OIS",2413346,"Sugar City, Town of",3,35387.22,0.0072108446255731
15003,1181.8,"Cedaredge town, Colorado","8","",12635,"","","10812635","33030",33030,"C1","0190","0185","Cedaredge",2002-10-18 15:59:43,"OIS",2002-10-18 15:59:43,"OIS",2413184,"Cedaredge, Town of",2,721493.2,0.0184833072515143
15003,1181.8,"Cedaredge town, Colorado","8","",12635,"","","10812635","33030",33030,"C1","0190","0185","Cedaredge",2002-10-18 15:59:43,"OIS",2002-10-18 15:59:43,"OIS",2413184,"Cedaredge, Town of",3,354952.4,0.00909321705161239
15005,212,"Crawford town, Colorado","8","",17925,"","","10817925","35192",35192,"C1","0260","0224","Crawford",2002-10-18 15:59:43,"OIS",2002-10-18 15:59:43,"OIS",2412382,"Crawford, Town of",2,66974.4,0.00897695445362797
15005,212,"Crawford town, Colorado","8","",17925,"","","10817925","35192",35192,"C1","0260","0224","Crawford",2002-10-18 15:59:43,"OIS",2002-10-18 15:59:43,"OIS",2412382,"Crawford, Town of",3,105514.64,0.0141427189712928
15015,3857,"Delta city, Colorado","8","",19850,"","","10819850","42314",42314,"C1","0315","0241","Delta",2002-10-18 15:59:43,"OIS",2002-10-18 15:59:43,"OIS",2410319,"Delta, City of",2,1677531,0.0102786678881808
15015,3857,"Delta city, Colorado","8","",19850,"","","10819850","42314",42314,"C1","0315","0241","Delta",2002-10-18 15:59:43,"OIS",2002-10-18 15:59:43,"OIS",2410319,"Delta, City of",3,1102148.62,0.00675315068895703
15020,471,"Hotchkiss town, Colorado","8","",37545,"","","10837545","31818",31818,"C1","0640","0375","Hotchkiss",2002-10-18 15:59:43,"OIS",2002-10-18 15:59:43,"OIS",2412771,"Hotchkiss, Town of",2,327831.1,0.0218754182993269
15020,471,"Hotchkiss town, Colorado","8","",37545,"","","10837545","31818",31818,"C1","0640","0375","Hotchkiss",2002-10-18 15:59:43,"OIS",2002-10-18 15:59:43,"OIS",2412771,"Hotchkiss, Town of",3,201141.74,0.0134217275296775
15022,1422.8,"Orchard City town, Colorado","8","",55980,"","","10855980","40288",40288,"C1","0985","0505","Orchard City",2002-10-18 15:59:43,"OIS",2002-10-18 15:59:43,"OIS",2413088,"Orchard City, Town of",2,508005.2,0.00886234378150636
15025,788.8,"Paonia town, Colorado","8","",57300,"","","10857300","40759",40759,"C1","1035","0515","Paonia",2002-10-18 15:59:43,"OIS",2002-10-18 15:59:43,"OIS",2413109,"Paonia, Town of",2,518901.02,0.0161396496160805
15025,788.8,"Paonia town, Colorado","8","",57300,"","","10857300","40759",40759,"C1","1035","0515","Paonia",2002-10-18 15:59:43,"OIS",2002-10-18 15:59:43,"OIS",2413109,"Paonia, Town of",3,345108.18,0.0107340800849519
16002,289289.6,"Denver city, Colorado","8","",20000,"","","10820000","53637",53637,"C1","0320","0242","Denver",2002-10-18 15:59:43,"OIS",2002-10-18 15:59:43,"OIS",2410324,"Denver, City And County of",2,218744760,0.0140974433565895
16002,289289.6,"Denver city, Colorado","8","",20000,"","","10820000","53637",53637,"C1","0320","0242","Denver",2002-10-18 15:59:43,"OIS",2002-10-18 15:59:43,"OIS",2410324,"Denver, City And County of",3,86439880,0.00557079087083225
17003,360,"Dove Creek town, Colorado","8","",21265,"","","10821265","36688",36688,"C1","0340","0250","Dove Creek",2002-10-18 15:59:43,"OIS",2002-10-18 15:59:43,"OIS",2412446,"Dove Creek, Town of",2,217391.72,0.0164594932645249
17003,360,"Dove Creek town, Colorado","8","",21265,"","","10821265","36688",36688,"C1","0340","0250","Dove Creek",2002-10-18 15:59:43,"OIS",2002-10-18 15:59:43,"OIS",2412446,"Dove Creek, Town of",3,69837.6,0.00528765082134031
17007,210.4,"Rico town, Colorado","8","",64090,"","","10864090","31458",31458,"C1","1115","0560","Rico",2002-10-18 15:59:43,"OIS",2002-10-18 15:59:43,"OIS",2412550,"Rico, Town of",2,113905.34,0.0172094599184331
17007,210.4,"Rico town, Colorado","8","",64090,"","","10864090","31458",31458,"C1","1115","0560","Rico",2002-10-18 15:59:43,"OIS",2002-10-18 15:59:43,"OIS",2412550,"Rico, Town of",3,25289,0.00382080446691309
18003,18300.2,"Castle Rock town, Colorado","8","",12415,"","","10812415","88294",88294,"C1","0185","0184","Castle Rock",2002-10-18 15:59:43,"OIS",2002-10-18 15:59:43,"OIS",2413179,"Castle Rock, Town of",2,13978401.8,0.00865108325516739
18003,18300.2,"Castle Rock town, Colorado","8","",12415,"","","10812415","88294",88294,"C1","0185","0184","Castle Rock",2002-10-18 15:59:43,"OIS",2002-10-18 15:59:43,"OIS",2413179,"Castle Rock, Town of",3,5473401.02,0.00338742930632729
18021,90,"Larkspur town, Colorado","8","",43550,"","","10843550","44688",44688,"C1","0770","0423","Larkspur",2002-10-18 15:59:43,"OIS",2002-10-18 15:59:43,"OIS",2412878,"Larkspur, Town of",1,145214.725,0.0361058213490074
18021,90,"Larkspur town, Colorado","8","",43550,"","","10843550","44688",44688,"C1","0770","0423","Larkspur",2002-10-18 15:59:43,"OIS",2002-10-18 15:59:43,"OIS",2412878,"Larkspur, Town of",2,98191.7,0.0244141355372558
18021,90,"Larkspur town, Colorado","8","",43550,"","","10843550","44688",44688,"C1","0770","0423","Larkspur",2002-10-18 15:59:43,"OIS",2002-10-18 15:59:43,"OIS",2412878,"Larkspur, Town of",3,56705,0.0140989875482357
19003,3628,"Avon town, Colorado","8","",4110,"","","10804110","48022",48022,"C1","0057","0128","Avon",2002-10-18 15:59:43,"OIS",2002-10-18 15:59:43,"OIS",2411658,"Avon, Town of",2,530464.8,0.00304473184079495
19009,2425.2,"Eagle town, Colorado","8","",22200,"","","10822200","78066",78066,"C1","0360","0258","Eagle",2002-10-18 15:59:43,"OIS",2002-10-18 15:59:43,"OIS",2412456,"Eagle, Town of",2,1236702.82,0.00653214571705248
19009,2425.2,"Eagle town, Colorado","8","",22200,"","","10822200","78066",78066,"C1","0360","0258","Eagle",2002-10-18 15:59:43,"OIS",2002-10-18 15:59:43,"OIS",2412456,"Eagle, Town of",3,1722401.56,0.0090975598917115
19020,2258,"Gypsum town, Colorado","8","",33695,"","","10833695","88698",88698,"C1","0595","0351","Gypsum",2002-10-18 15:59:43,"OIS",2002-10-18 15:59:43,"OIS",2412716,"Gypsum, Town of",2,901506.56,0.00450122918861967
19020,2258,"Gypsum town, Colorado","8","",33695,"","","10833695","88698",88698,"C1","0595","0351","Gypsum",2002-10-18 15:59:43,"OIS",2002-10-18 15:59:43,"OIS",2412716,"Gypsum, Town of",3,934446.96,0.00466570085920276
19024,535,"Minturn town, Colorado","8","",50920,"","","10850920","63947",63947,"C1","0890","0473","Minturn",2002-10-18 15:59:43,"OIS",2002-10-18 15:59:43,"OIS",2413005,"Minturn, Town of",1,978363.125,0.028597371596718
19024,535,"Minturn town, Colorado","8","",50920,"","","10850920","63947",63947,"C1","0890","0473","Minturn",2002-10-18 15:59:43,"OIS",2002-10-18 15:59:43,"OIS",2413005,"Minturn, Town of",2,717680.8,0.0209776758761527
19026,141.2,"Red Cliff town, Colorado","8","",63265,"","","10863265","68125",68125,"C1","1110","0555","Red Cliff",2002-10-18 15:59:43,"OIS",2002-10-18 15:59:43,"OIS",2412535,"Red Cliff, Town of",1,371944.72,0.0386667068638407
20004,531.6,"Elizabeth town, Colorado","8","",23740,"","","10823740","53542",53542,"C1","0385","0276","Elizabeth",2002-10-18 15:59:43,"OIS",2002-10-18 15:59:43,"OIS",2412474,"Elizabeth, Town of",1,1044300.58,0.0366898517732217
20005,322,"Kiowa town, Colorado","8","",40790,"","","10840790","58750",58750,"C1","0715","0404","Kiowa",2002-10-18 15:59:43,"OIS",2002-10-18 15:59:43,"OIS",2412838,"Kiowa, Town of",2,1160604.24,0.0613508254261927
20005,322,"Kiowa town, Colorado","8","",40790,"","","10840790","58750",58750,"C1","0715","0404","Kiowa",2002-10-18 15:59:43,"OIS",2002-10-18 15:59:43,"OIS",2412838,"Kiowa, Town of",3,828850.02,0.0438139299590326
20006,266,"Simla town, Colorado","8","",70635,"","","10870635","41953",41953,"C1","1230","0598","Simla",2002-10-18 15:59:43,"OIS",2002-10-18 15:59:43,"OIS",2413290,"Simla, Town of",2,136874.36,0.0122652793163277
20006,266,"Simla town, Colorado","8","",70635,"","","10870635","41953",41953,"C1","1230","0598","Simla",2002-10-18 15:59:43,"OIS",2002-10-18 15:59:43,"OIS",2413290,"Simla, Town of",3,83196.6,0.00745522782476416
21006,349.4,"Calhan town, Colorado","8","",11260,"","","10811260","45179",45179,"C1","0165","0175","Calhan",2002-10-18 15:59:43,"OIS",2002-10-18 15:59:43,"OIS",2413149,"Calhan, Town of",2,218193.5,0.0138223630019534
21006,349.4,"Calhan town, Colorado","8","",11260,"","","10811260","45179",45179,"C1","0165","0175","Calhan",2002-10-18 15:59:43,"OIS",2002-10-18 15:59:43,"OIS",2413149,"Calhan, Town of",3,134374.9,0.00851252968649934
21026,9663.2,"Fountain city, Colorado","8","",27865,"","","10827865","57057",57057,"C1","0475","0298","Fountain",2002-10-18 15:59:43,"OIS",2002-10-18 15:59:43,"OIS",2410535,"Fountain, City of",2,6952638.44,0.0126101352268123
21030,2848.2,"Manitou Springs city, Colorado","8","",48445,"","","10848445","49139",49139,"C1","0850","0453","Manitou Springs",2002-10-18 15:59:43,"OIS",2002-10-18 15:59:43,"OIS",2411021,"Manitou Springs, City of",2,1090202.26,0.00778951255670751
21030,2848.2,"Manitou Springs city, Colorado","8","",48445,"","","10848445","49139",49139,"C1","0850","0453","Manitou Springs",2002-10-18 15:59:43,"OIS",2002-10-18 15:59:43,"OIS",2411021,"Manitou Springs, City of",3,735164.88,0.0052527648071564
21032,1921.2,"Monument town, Colorado","8","",51800,"","","10851800","93341",93341,"C1","0915","0481","Monument",2002-10-18 15:59:43,"OIS",2002-10-18 15:59:43,"OIS",2413009,"Monument, Town of",2,1355416.62,0.0075583635861017
21034,1099.2,"Palmer Lake town, Colorado","8","",57025,"","","10857025","58621",58621,"C1","1025","0513","Palmer Lake",2002-10-18 15:59:43,"OIS",2002-10-18 15:59:43,"OIS",2413103,"Palmer Lake, Town of",2,831824.46,0.0129092717865164
21036,68,"Ramah town, Colorado","8","",62660,"","","10862660","31250",31250,"C1","1090","0550","Ramah",2002-10-18 15:59:43,"OIS",2002-10-18 15:59:43,"OIS",2412523,"Ramah, Town of",2,34797.14,0.0163751247058824
21036,68,"Ramah town, Colorado","8","",62660,"","","10862660","31250",31250,"C1","1090","0550","Ramah",2002-10-18 15:59:43,"OIS",2002-10-18 15:59:43,"OIS",2412523,"Ramah, Town of",3,12232.5,0.00575647058823529
22001,103.2,"Brookside town, Colorado","8","",9115,"","","10809115","47679",47679,"C1","0140","0721","Brookside",2002-10-18 15:59:43,"OIS",2002-10-18 15:59:43,"OIS",2411733,"Brookside, Town of",2,51533.7,0.0104733228075156
22002,7313,"Caï¿½on City city, Colorado","8","",11810,"","","10811810","38323",38323,"C1","0175","0179","Canon City",2002-10-18 15:59:43,"OIS",2002-10-18 15:59:43,"OIS",2409976,"Canon City, City of",2,4969804.08,0.0177330809132543
22006,160,"Coal Creek town, Colorado","8","",15330,"","","10815330","40625",40625,"C1","0225","0201","Coal Creek",2002-10-18 15:59:43,"OIS",2002-10-18 15:59:43,"OIS",2413219,"Coal Creek, Town of",2,126057.5,0.0193934615384615
22011,1747,"Florence city, Colorado","8","",27040,"","","10827040","36220",36220,"C1","0450","0296","Florence",2002-10-18 15:59:43,"OIS",2002-10-18 15:59:43,"OIS",2410510,"Florence, City of",2,2934622.56,0.0463778808951339
22018,231.8,"Rockvale town, Colorado","8","",64970,"","","10864970","36923",36923,"C1","1130","0566","Rockvale",2002-10-18 15:59:43,"OIS",2002-10-18 15:59:43,"OIS",2412564,"Rockvale, Town of",2,179858.96,0.0210146260352883
22019,281.2,"Williamsburg town, Colorado","8","",85155,"","","10885155","47417",47417,"C1","1370","0679","Williamsburg",2002-10-18 15:59:43,"OIS",2002-10-18 15:59:43,"OIS",2413490,"Williamsburg, Town of",2,189381.8,0.0142032865933799
23004,2476.4,"Carbondale town, Colorado","8","",12045,"","","10812045","62770",62770,"C1","0180","0181","Carbondale (was 12030 prior to 1990)",2002-10-18 15:59:43,"OIS",2002-10-18 15:59:43,"OIS",2413166,"Carbondale, Town of",2,1117789.32,0.00719096262987377
23004,2476.4,"Carbondale town, Colorado","8","",12045,"","","10812045","62770",62770,"C1","0180","0181","Carbondale (was 12030 prior to 1990)",2002-10-18 15:59:43,"OIS",2002-10-18 15:59:43,"OIS",2413166,"Carbondale, Town of",3,1023179.8,0.00658232063394712
23008,4139.8,"Glenwood Springs city, Colorado","8","",30780,"","","10830780","49538",49538,"C1","0535","0331","Glenwood Springs",2002-10-18 15:59:43,"OIS",2002-10-18 15:59:43,"OIS",2410605,"Glenwood Springs, City of",1,11071691.86,0.0539878659986447
23012,1721.6,"New Castle town, Colorado","8","",53395,"","","10853395","66818",66818,"C1","0940","0490","New Castle",2002-10-18 15:59:43,"OIS",2002-10-18 15:59:43,"OIS",2413042,"New Castle, Town of",1,1964969.58,0.0170816612576626
23013,538.8,"Parachute town, Colorado","8","",57400,"","","10857400","32917",32917,"C1","1037","0516","Parachute",2002-10-18 15:59:43,"OIS",2002-10-18 15:59:43,"OIS",2413110,"Parachute, Town of",2,359876.64,0.0202911108069408
23013,538.8,"Parachute town, Colorado","8","",57400,"","","10857400","32917",32917,"C1","1037","0516","Parachute",2002-10-18 15:59:43,"OIS",2002-10-18 15:59:43,"OIS",2413110,"Parachute, Town of",3,253362.56,0.0142854723198766
23017,3633.2,"Rifle city, Colorado","8","",64255,"","","10864255","54175",54175,"C1","1125","0562","Rifle",2002-10-18 15:59:43,"OIS",2002-10-18 15:59:43,"OIS",2410947,"Rifle, City of",2,2778551.98,0.0141166062189841
23017,3633.2,"Rifle city, Colorado","8","",64255,"","","10864255","54175",54175,"C1","1125","0562","Rifle",2002-10-18 15:59:43,"OIS",2002-10-18 15:59:43,"OIS",2410947,"Rifle, City of",3,2762483.74,0.0140349705258804
23019,1085.2,"Silt town, Colorado","8","",70195,"","","10870195","56268",56268,"C1","1210","0593","Silt",2002-10-18 15:59:43,"OIS",2002-10-18 15:59:43,"OIS",2413284,"Silt, Town of",1,1661465.86,0.0272094747266983
24001,70,"Black Hawk city, Colorado","8","",7025,"","","10807025","38500",38500,"C1","0090","0143","Black Hawk",2002-10-18 15:59:43,"OIS",2002-10-18 15:59:43,"OIS",2409856,"Black Hawk, City of",2,2358507,0.875141743970315
25006,1104.8,"Fraser town, Colorado","8","",28305,"","","10828305","45938",45938,"C1","0485","0302","Fraser",2002-10-18 15:59:43,"OIS",2002-10-18 15:59:43,"OIS",2412655,"Fraser, Town of",2,455418.4,0.00897335447780592
25006,1104.8,"Fraser town, Colorado","8","",28305,"","","10828305","45938",45938,"C1","0485","0302","Fraser",2002-10-18 15:59:43,"OIS",2002-10-18 15:59:43,"OIS",2412655,"Fraser, Town of",3,436222.8,0.00859513321310917
25008,1616.6,"Granby town, Colorado","8","",31605,"","","10831605","50125",50125,"C1","0550","0337","Granby",2002-10-18 15:59:43,"OIS",2002-10-18 15:59:43,"OIS",2412699,"Granby, Town of",2,826875.06,0.0102042932999062
25008,1616.6,"Granby town, Colorado","8","",31605,"","","10831605","50125",50125,"C1","0550","0337","Granby",2002-10-18 15:59:43,"OIS",2002-10-18 15:59:43,"OIS",2412699,"Granby, Town of",3,548297.6,0.00676642675138209
25014,943.8,"Grand Lake town, Colorado","8","",31715,"","","10831715","51667",51667,"C1","0560","0339","Grand Lake",2002-10-18 15:59:43,"OIS",2002-10-18 15:59:43,"OIS",2412701,"Grand Lake, Town of",2,422280.92,0.0086598075513103
25015,318.8,"Hot Sulphur Springs town, Colorado","8","",37600,"","","10837600","50250",50250,"C1","0645","0378","Hot Sulphur Springs",2002-10-18 15:59:43,"OIS",2002-10-18 15:59:43,"OIS",2412770,"Hot Sulphur Springs, Town of",2,275439.2,0.0171937801581802
25015,318.8,"Hot Sulphur Springs town, Colorado","8","",37600,"","","10837600","50250",50250,"C1","0645","0378","Hot Sulphur Springs",2002-10-18 15:59:43,"OIS",2002-10-18 15:59:43,"OIS",2412770,"Hot Sulphur Springs, Town of",3,208647.06,0.0130244049514036
25018,697.6,"Kremmling town, Colorado","8","",41560,"","","10841560","58500",58500,"C1","0730","0408","Kremmling",2002-10-18 15:59:43,"OIS",2002-10-18 15:59:43,"OIS",2412848,"Kremmling, Town of",2,634775.7,0.0155545680428135
26004,1087.2,"Crested Butte town, Colorado","8","",18310,"","","10818310","59659",59659,"C1","0270","0226","Crested Butte",2002-10-18 15:59:43,"OIS",2002-10-18 15:59:43,"OIS",2412385,"Crested Butte, Town of",1,1202309.14,0.0185366280430597
26008,2670.2,"Gunnison city, Colorado","8","",33640,"","","10833640","35871",35871,"C1","0590","0350","Gunnison",2002-10-18 15:59:43,"OIS",2002-10-18 15:59:43,"OIS",2410674,"Gunnison, City of",2,538946.8,0.0056267629884841
26008,2670.2,"Gunnison city, Colorado","8","",33640,"","","10833640","35871",35871,"C1","0590","0350","Gunnison",2002-10-18 15:59:43,"OIS",2002-10-18 15:59:43,"OIS",2410674,"Gunnison, City of",3,1014215.8,0.0105887110300605
26010,105,"Marble town, Colorado","8","",48555,"","","10848555","64167",64167,"C1","0860","0455","Marble",2002-10-18 15:59:43,"OIS",2002-10-18 15:59:43,"OIS",2412952,"Marble, Town of",2,26361.5333333333,0.00391263768326745
27005,453.8,"Lake City town, Colorado","8","",42330,"","","10842330","44821",44821,"C1","0750","0417","Lake City",2002-10-18 15:59:43,"OIS",2002-10-18 15:59:43,"OIS",2412863,"Lake City, Town of",1,418577.64,0.0205792712560592
28007,567.4,"La Veta town, Colorado","8","",44100,"","","10844100","29792",29792,"C1","0785","0414","La Veta",2002-10-18 15:59:43,"OIS",2002-10-18 15:59:43,"OIS",2412857,"La Veta, Town of",2,259054.52,0.0153250600000681
28007,567.4,"La Veta town, Colorado","8","",44100,"","","10844100","29792",29792,"C1","0785","0414","La Veta",2002-10-18 15:59:43,"OIS",2002-10-18 15:59:43,"OIS",2412857,"La Veta, Town of",3,107993.2,0.00638862533492702
28010,1762,"Walsenburg city, Colorado","8","",82350,"","","10882350","24928",24928,"C1","1330","0656","Walsenburg",2002-10-18 15:59:43,"OIS",2002-10-18 15:59:43,"OIS",2412176,"Walsenburg, City of",1,1861759.82,0.0423867690139429
29006,377.8,"Walden town, Colorado","8","",82130,"","","10882130","44276",44276,"C1","1325","0655","Walden",2002-10-18 15:59:43,"OIS",2002-10-18 15:59:43,"OIS",2413440,"Walden, Town of",1,362296.28,0.0216587576815549
30020,2438.4,"Edgewater city, Colorado","8","",23135,"","","10823135","44148",44148,"C1","0380","0266","Edgewater",2002-10-18 15:59:43,"OIS",2002-10-18 15:59:43,"OIS",2410399,"Edgewater, City of",1,1357939.2,0.0126143344612502
30035,7852,"Golden city, Colorado","8","",30835,"","","10830835","58998",58998,"C1","0540","0333","Golden",2002-10-18 15:59:43,"OIS",2002-10-18 15:59:43,"OIS",2410611,"Golden, City of",2,5630606.48,0.0121545139195597
30035,7852,"Golden city, Colorado","8","",30835,"","","10830835","58998",58998,"C1","0540","0333","Golden",2002-10-18 15:59:43,"OIS",2002-10-18 15:59:43,"OIS",2410611,"Golden, City of",3,1461783.2,0.00315547966544779
30055,66285,"Lakewood city, Colorado","8","",43000,"","","10843000","56954",56954,"C1","0760","0420","Lakewood",2002-10-18 15:59:43,"OIS",2002-10-18 15:59:43,"OIS",2411614,"Lakewood, City of",2,1009029.6,0.000267278739806002
30055,66285,"Lakewood city, Colorado","8","",43000,"","","10843000","56954",56954,"C1","0760","0420","Lakewood",2002-10-18 15:59:43,"OIS",2002-10-18 15:59:43,"OIS",2411614,"Lakewood, City of",3,3250985.4,0.000861143499496658
30065,141,"Morrison town, Colorado","8","",52075,"","","10852075","59583",59583,"C1","0920","0482","Morrison",2002-10-18 15:59:43,"OIS",2002-10-18 15:59:43,"OIS",2413014,"Morrison, Town of",1,672861.88,0.0800911345672757
30067,279.2,"Mountain View town, Colorado","8","",52350,"","","10852350","45714",45714,"C1","0925","0484","Mountain View",2002-10-18 15:59:43,"OIS",2002-10-18 15:59:43,"OIS",2413021,"Mountain View, Town of",3,58922,0.00461650002074691
31002,352,"Eads town, Colorado","8","",22145,"","","10822145","36150",36150,"C1","0355","0257","Eads",2002-10-18 15:59:43,"OIS",2002-10-18 15:59:43,"OIS",2412454,"Eads, Town of",2,235008.68,0.0184685558908588
31002,352,"Eads town, Colorado","8","",22145,"","","10822145","36150",36150,"C1","0355","0257","Eads",2002-10-18 15:59:43,"OIS",2002-10-18 15:59:43,"OIS",2412454,"Eads, Town of",3,80054.72,0.00629123601156796
31003,41,"Haswell town, Colorado","8","",34740,"","","10834740","42500",42500,"C1","0605","0357","Haswell",2002-10-18 15:59:43,"OIS",2002-10-18 15:59:43,"OIS",2412734,"Haswell, Town of",2,25023.24,0.0143605394548063
32001,84,"Bethune town, Colorado","8","",6530,"","","10806530","37500",37500,"C1","0085","0140","Bethune",2002-10-18 15:59:43,"OIS",2002-10-18 15:59:43,"OIS",2411684,"Bethune, Town of",2,40294.9,0.0127920317460317
32001,84,"Bethune town, Colorado","8","",6530,"","","10806530","37500",37500,"C1","0085","0140","Bethune",2002-10-18 15:59:43,"OIS",2002-10-18 15:59:43,"OIS",2411684,"Bethune, Town of",3,16440.2,0.00521911111111111
32004,1479.6,"Burlington city, Colorado","8","",10600,"","","10810600","42457",42457,"C1","0160","0171","Burlington",2002-10-18 15:59:43,"OIS",2002-10-18 15:59:43,"OIS",2409946,"Burlington, City of",1,1310619.36,0.0208632975750037
32010,328,"Flagler town, Colorado","8","",26765,"","","10826765","26125",26125,"C1","0440","0294","Flagler",2002-10-18 15:59:43,"OIS",2002-10-18 15:59:43,"OIS",2412628,"Flagler, Town of",2,125274.4,0.0146194888551756
32010,328,"Flagler town, Colorado","8","",26765,"","","10826765","26125",26125,"C1","0440","0294","Flagler",2002-10-18 15:59:43,"OIS",2002-10-18 15:59:43,"OIS",2412628,"Flagler, Town of",3,51508.2,0.00601099311471584
32015,122.8,"Seibert town, Colorado","8","",69040,"","","10869040","",NA,"C1","1190","0588","Seibert",2002-10-18 15:59:43,"OIS",2002-10-18 15:59:43,"OIS",2413270,"Seibert, Town of",2,51189.42,NA
32015,122.8,"Seibert town, Colorado","8","",69040,"","","10869040","",NA,"C1","1190","0588","Seibert",2002-10-18 15:59:43,"OIS",2002-10-18 15:59:43,"OIS",2413270,"Seibert, Town of",3,45198.6,NA
32020,346,"Stratton town, Colorado","8","",74485,"","","10874485","42632",42632,"C1","1260","0619","Stratton",2002-10-18 15:59:43,"OIS",2002-10-18 15:59:43,"OIS",2413341,"Stratton, Town of",2,164810.96,0.0111731153672185
32020,346,"Stratton town, Colorado","8","",74485,"","","10874485","42632",42632,"C1","1260","0619","Stratton",2002-10-18 15:59:43,"OIS",2002-10-18 15:59:43,"OIS",2413341,"Stratton, Town of",3,127762.84,0.00866149284588526
32023,61,"Vona town, Colorado","8","",81690,"","","10881690","31250",31250,"C1","1320","0653","Vona",2002-10-18 15:59:43,"OIS",2002-10-18 15:59:43,"OIS",2413437,"Vona, Town of",2,23913.74,0.0125449127868852
32023,61,"Vona town, Colorado","8","",81690,"","","10881690","31250",31250,"C1","1320","0653","Vona",2002-10-18 15:59:43,"OIS",2002-10-18 15:59:43,"OIS",2413437,"Vona, Town of",3,14709.1,0.00771624918032787
34005,1004.8,"Bayfield town, Colorado","8","",5265,"","","10805265","64087",64087,"C1","0065","0134","Bayfield",2002-10-18 15:59:43,"OIS",2002-10-18 15:59:43,"OIS",2411667,"Bayfield, Town of",2,417543.6,0.00648413820225869
34005,1004.8,"Bayfield town, Colorado","8","",5265,"","","10805265","64087",64087,"C1","0065","0134","Bayfield",2002-10-18 15:59:43,"OIS",2002-10-18 15:59:43,"OIS",2411667,"Bayfield, Town of",3,895425.38,0.0139052829781848
34008,7961.2,"Durango city, Colorado","8","",22035,"","","10822035","57024",57024,"C1","0350","0256","Durango",2002-10-18 15:59:43,"OIS",2002-10-18 15:59:43,"OIS",2410374,"Durango, City of",2,3008118.1,0.00662611044493121
34008,7961.2,"Durango city, Colorado","8","",22035,"","","10822035","57024",57024,"C1","0350","0256","Durango",2002-10-18 15:59:43,"OIS",2002-10-18 15:59:43,"OIS",2410374,"Durango, City of",3,2364994,0.00520947347299949
34015,309.8,"Ignacio town, Colorado","8","",38535,"","","10838535","48333",48333,"C1","0665","0385","Ignacio",2002-10-18 15:59:43,"OIS",2002-10-18 15:59:43,"OIS",2412787,"Ignacio, Town of",2,275848.86,0.0184223923611931
34015,309.8,"Ignacio town, Colorado","8","",38535,"","","10838535","48333",48333,"C1","0665","0385","Ignacio",2002-10-18 15:59:43,"OIS",2002-10-18 15:59:43,"OIS",2412787,"Ignacio, Town of",3,410497.9,0.0274148436837687
35004,4164.4,"Estes Park town, Colorado","8","",25115,"","","10825115","54530",54530,"C1","0405","0284","Estes Park",2002-10-18 15:59:43,"OIS",2002-10-18 15:59:43,"OIS",2412603,"Estes Park, Town of",2,3188892.04,0.0140427408391331
35009,62259.6,"Fort Collins city, Colorado","8","",27425,"","","10827425","55647",55647,"C1","0455","0307","Fort Collins",2002-10-18 15:59:43,"OIS",2002-10-18 15:59:43,"OIS",2410526,"Fort Collins, City of",2,21574364.82,0.00622715873346508
35009,62259.6,"Fort Collins city, Colorado","8","",27425,"","","10827425","55647",55647,"C1","0455","0307","Fort Collins",2002-10-18 15:59:43,"OIS",2002-10-18 15:59:43,"OIS",2410526,"Fort Collins, City of",3,16394488.26,0.00473205499215015
35026,29454.6,"Loveland city, Colorado","8","",46465,"","","10846465","56277",56277,"C1","0830","0443","Loveland",2002-10-18 15:59:43,"OIS",2002-10-18 15:59:43,"OIS",2410886,"Loveland, City of",2,8675131.72,0.00523349737007888
35026,29454.6,"Loveland city, Colorado","8","",46465,"","","10846465","56277",56277,"C1","0830","0443","Loveland",2002-10-18 15:59:43,"OIS",2002-10-18 15:59:43,"OIS",2410886,"Loveland, City of",3,5842834.2,0.0035248407063388
35047,2355,"Wellington town, Colorado","8","",83230,"","","10883230","76917",76917,"C1","1345","0664","Wellington",2002-10-18 15:59:43,"OIS",2002-10-18 15:59:43,"OIS",2413464,"Wellington, Town of",2,1037169.34,0.00572580325990127
35047,2355,"Wellington town, Colorado","8","",83230,"","","10883230","76917",76917,"C1","1345","0664","Wellington",2002-10-18 15:59:43,"OIS",2002-10-18 15:59:43,"OIS",2413464,"Wellington, Town of",3,848643.08,0.00468502406169918
36001,290,"Aguilar town, Colorado","8","",760,"","","10800760","36701",36701,"C1","0005","0104","Aguilar",2002-10-18 15:59:43,"OIS",2002-10-18 15:59:43,"OIS",2412339,"Aguilar, Town of",2,221775.32,0.0208371020614866
36001,290,"Aguilar town, Colorado","8","",760,"","","10800760","36701",36701,"C1","0005","0104","Aguilar",2002-10-18 15:59:43,"OIS",2002-10-18 15:59:43,"OIS",2412339,"Aguilar, Town of",3,87744,0.00824406738893707
36002,45,"Branson town, Colorado","8","",8345,"","","10808345","36875",36875,"C1","0120","0157","Branson",2002-10-18 15:59:43,"OIS",2002-10-18 15:59:43,"OIS",2411720,"Branson, Town of",2,22525.82,0.0135748821092279
36004,94.6,"Cokedale town, Colorado","8","",15550,"","","10815550","57857",57857,"C1","0230","0205","Cokedale",2002-10-18 15:59:43,"OIS",2002-10-18 15:59:43,"OIS",2413221,"Cokedale, Town of",1,80193.66,0.0146518676706779
36005,47,"Kim town, Colorado","8","",40570,"","","10840570","31875",31875,"C1","0713","0403","Kim",2002-10-18 15:59:43,"OIS",2002-10-18 15:59:43,"OIS",2412834,"Kim, Town of",2,18415.52,0.0122923788068419
36010,35,"Starkville town, Colorado","8","",73715,"","","10873715","18438",18438,"C1","1245","0610","Starkville",2002-10-18 15:59:43,"OIS",2002-10-18 15:59:43,"OIS",2413331,"Starkville, Town of",2,20781,0.032202129143229
36011,4365.4,"Trinidad city, Colorado","8","",78610,"","","10878610","43819",43819,"C1","1295","0637","Trinidad",2002-10-18 15:59:43,"OIS",2002-10-18 15:59:43,"OIS",2412094,"Trinidad, City of",2,2052834.7,0.0107316740579735
36011,4365.4,"Trinidad city, Colorado","8","",78610,"","","10878610","43819",43819,"C1","1295","0637","Trinidad",2002-10-18 15:59:43,"OIS",2002-10-18 15:59:43,"OIS",2412094,"Trinidad, City of",3,1698543.76,0.00887953521319802
37002,129,"Arriba town, Colorado","8","",3235,"","","10803235","36071",36071,"C1","0035","0117","Arriba",2002-10-18 15:59:43,"OIS",2002-10-18 15:59:43,"OIS",2411647,"Arriba, Town of",2,56526.5,0.0121479837675867
37002,129,"Arriba town, Colorado","8","",3235,"","","10803235","36071",36071,"C1","0035","0117","Arriba",2002-10-18 15:59:43,"OIS",2002-10-18 15:59:43,"OIS",2411647,"Arriba, Town of",3,47012.5,0.0101033512931752
37004,84,"Genoa town, Colorado","8","",29680,"","","10829680","37321",37321,"C1","0515","0320","Genoa",2002-10-18 15:59:43,"OIS",2002-10-18 15:59:43,"OIS",2412675,"Genoa, Town of",2,40028.72,0.012768478362112
37004,84,"Genoa town, Colorado","8","",29680,"","","10829680","37321",37321,"C1","0515","0320","Genoa",2002-10-18 15:59:43,"OIS",2002-10-18 15:59:43,"OIS",2412675,"Genoa, Town of",3,42501.6,0.013557284868343
37006,409.4,"Hugo town, Colorado","8","",37875,"","","10837875","32321",32321,"C1","0655","0380","Hugo",2002-10-18 15:59:43,"OIS",2002-10-18 15:59:43,"OIS",2412778,"Hugo, Town of",2,144738.8,0.0109383632103868
37006,409.4,"Hugo town, Colorado","8","",37875,"","","10837875","32321",32321,"C1","0655","0380","Hugo",2002-10-18 15:59:43,"OIS",2002-10-18 15:59:43,"OIS",2412778,"Hugo, Town of",3,50503.6,0.00381671480095241
37007,966,"Limon town, Colorado","8","",44980,"","","10844980","31776",31776,"C1","0800","0433","Limon",2002-10-18 15:59:43,"OIS",2002-10-18 15:59:43,"OIS",2412897,"Limon, Town of",1,942803.8,0.0307146075843534
38002,76,"Crook town, Colorado","8","",18640,"","","10818640","38125",38125,"C1","0285","0230","Crook",2002-10-18 15:59:43,"OIS",2002-10-18 15:59:43,"OIS",2412389,"Crook, Town of",2,36550.58,0.0126145228645384
38002,76,"Crook town, Colorado","8","",18640,"","","10818640","38125",38125,"C1","0285","0230","Crook",2002-10-18 15:59:43,"OIS",2002-10-18 15:59:43,"OIS",2412389,"Crook, Town of",3,14467.2,0.00499299396031061
38005,204.4,"Fleming town, Colorado","8","",26875,"","","10826875","41875",41875,"C1","0445","0295","Fleming",2002-10-18 15:59:43,"OIS",2002-10-18 15:59:43,"OIS",2412631,"Fleming, Town of",2,58310.4,0.00681255951163945
38005,204.4,"Fleming town, Colorado","8","",26875,"","","10826875","41875",41875,"C1","0445","0295","Fleming",2002-10-18 15:59:43,"OIS",2002-10-18 15:59:43,"OIS",2412631,"Fleming, Town of",3,30797.6,0.00359816572713731
38007,128.2,"Iliff town, Colorado","8","",38590,"","","10838590","36250",36250,"C1","0670","0386","Iliff",2002-10-18 15:59:43,"OIS",2002-10-18 15:59:43,"OIS",2412788,"Iliff, Town of",2,34055.04,0.00732799827855183
38007,128.2,"Iliff town, Colorado","8","",38590,"","","10838590","36250",36250,"C1","0670","0386","Iliff",2002-10-18 15:59:43,"OIS",2002-10-18 15:59:43,"OIS",2412788,"Iliff, Town of",3,32377.22,0.00696696325784066
38011,120.8,"Merino town, Colorado","8","",50040,"","","10850040","39773",39773,"C1","0880","0466","Merino",2002-10-18 15:59:43,"OIS",2002-10-18 15:59:43,"OIS",2412985,"Merino, Town of",2,48323.54,0.0100578106915687
38011,120.8,"Merino town, Colorado","8","",50040,"","","10850040","39773",39773,"C1","0880","0466","Merino",2002-10-18 15:59:43,"OIS",2002-10-18 15:59:43,"OIS",2412985,"Merino, Town of",3,30461.6,0.0063401192495891
38016,106,"Peetz town, Colorado","8","",58235,"","","10858235","34750",34750,"C1","1040","0523","Peetz",2002-10-18 15:59:43,"OIS",2002-10-18 15:59:43,"OIS",2413123,"Peetz, Town of",2,37923,0.0102953712501697
38016,106,"Peetz town, Colorado","8","",58235,"","","10858235","34750",34750,"C1","1040","0523","Peetz",2002-10-18 15:59:43,"OIS",2002-10-18 15:59:43,"OIS",2413123,"Peetz, Town of",3,23300.6,0.00632566852178634
38019,5408.8,"Sterling city, Colorado","8","",73935,"","","10873935","35732",35732,"C1","1255","0612","Sterling",2002-10-18 15:59:43,"OIS",2002-10-18 15:59:43,"OIS",2411978,"Sterling, City of",2,4017701.1,0.0207883191519612
38019,5408.8,"Sterling city, Colorado","8","",73935,"","","10873935","35732",35732,"C1","1255","0612","Sterling",2002-10-18 15:59:43,"OIS",2002-10-18 15:59:43,"OIS",2411978,"Sterling, City of",3,1345646.74,0.00696262195734675
39011,223.2,"Collbran town, Colorado","8","",15605,"","","10815605","32361",32361,"C1","0235","0206","Collbran",2002-10-18 15:59:43,"OIS",2002-10-18 15:59:43,"OIS",2413226,"Collbran, Town of",2,92994.4,0.0128748053849057
39011,223.2,"Collbran town, Colorado","8","",15605,"","","10815605","32361",32361,"C1","0235","0206","Collbran",2002-10-18 15:59:43,"OIS",2002-10-18 15:59:43,"OIS",2413226,"Collbran, Town of",3,79071.2,0.0109471786639943
39012,224.2,"De Beque town, Colorado","8","",19355,"","","10819355","44000",44000,"C1","0300","0235","De Beque",2002-10-18 15:59:43,"OIS",2002-10-18 15:59:43,"OIS",2412412,"De Beque, Town of",2,169988.52,0.0172318262914605
39012,224.2,"De Beque town, Colorado","8","",19355,"","","10819355","44000",44000,"C1","0300","0235","De Beque",2002-10-18 15:59:43,"OIS",2002-10-18 15:59:43,"OIS",2412412,"De Beque, Town of",3,127228.6,0.0128972305571324
39014,5204,"Fruita city, Colorado","8","",28745,"","","10828745","55864",55864,"C1","0505","0305","Fruita",2002-10-18 15:59:43,"OIS",2002-10-18 15:59:43,"OIS",2410553,"Fruita, City of",3,2009516.9,0.00691229629759679
39020,26862.2,"Grand Junction city, Colorado","8","",31660,"","","10831660","45358",45358,"C1","0555","0338","Grand Junction",2002-10-18 15:59:43,"OIS",2002-10-18 15:59:43,"OIS",2410631,"Grand Junction, City of",2,4745963.58,0.00389519250794637
39034,1292.2,"Palisade town, Colorado","8","",56970,"","","10856970","43167",43167,"C1","1020","0512","Palisade",2002-10-18 15:59:43,"OIS",2002-10-18 15:59:43,"OIS",2413101,"Palisade, Town of",2,918214.96,0.0164612480871282
39034,1292.2,"Palisade town, Colorado","8","",56970,"","","10856970","43167",43167,"C1","1020","0512","Palisade",2002-10-18 15:59:43,"OIS",2002-10-18 15:59:43,"OIS",2413101,"Palisade, Town of",3,245579.26,0.0044026086483206
40001,272,"City of Creede town, Colorado","8","",14765,"","","10814765","32188",32188,"C1","0265","0225","Creede",2011-11-22 10:17:12,"OIS",2012-12-11 17:26:31,"OIS",2412384,"Creede, City of",1,288896.02,0.0329973195162245
41004,4088.2,"Craig city, Colorado","8","",17760,"","","10817760","49590",49590,"C1","0255","0223","Craig",2002-10-18 15:59:43,"OIS",2002-10-18 15:59:43,"OIS",2410255,"Craig, City of",2,2423760.84,0.0119553837874859
41004,4088.2,"Craig city, Colorado","8","",17760,"","","10817760","49590",49590,"C1","0255","0223","Craig",2002-10-18 15:59:43,"OIS",2002-10-18 15:59:43,"OIS",2410255,"Craig, City of",3,1160008.4,0.00572182922911961
41005,175,"Dinosaur town, Colorado","8","",20495,"","","10820495","42083",42083,"C1","0332","0246","Dinosaur",2002-10-18 15:59:43,"OIS",2002-10-18 15:59:43,"OIS",2412432,"Dinosaur, Town of",2,60999,0.00828281525285066
41005,175,"Dinosaur town, Colorado","8","",20495,"","","10820495","42083",42083,"C1","0332","0246","Dinosaur",2002-10-18 15:59:43,"OIS",2002-10-18 15:59:43,"OIS",2412432,"Dinosaur, Town of",3,30233.8,0.00410532926427706
42004,3904,"Cortez city, Colorado","8","",17375,"","","10817375","42412",42412,"C1","0250","0219","Cortez",2002-10-18 15:59:43,"OIS",2002-10-18 15:59:43,"OIS",2410236,"Cortez, City of",2,1544829.66,0.00933000845627513
42008,501.6,"Dolores town, Colorado","8","",20770,"","","10820770","34813",34813,"C1","0335","0248","Dolores",2002-10-18 15:59:43,"OIS",2002-10-18 15:59:43,"OIS",2412439,"Dolores, Town of",2,186432.76,0.0106763610231764
42008,501.6,"Dolores town, Colorado","8","",20770,"","","10820770","34813",34813,"C1","0335","0248","Dolores",2002-10-18 15:59:43,"OIS",2002-10-18 15:59:43,"OIS",2412439,"Dolores, Town of",3,159718.22,0.00914651147523169
42016,615.8,"Mancos town, Colorado","8","",48115,"","","10848115","36729",36729,"C1","0845","0452","Mancos",2002-10-18 15:59:43,"OIS",2002-10-18 15:59:43,"OIS",2412939,"Mancos, Town of",2,255924.7,0.0113152307291546
42016,615.8,"Mancos town, Colorado","8","",48115,"","","10848115","36729",36729,"C1","0845","0452","Mancos",2002-10-18 15:59:43,"OIS",2002-10-18 15:59:43,"OIS",2412939,"Mancos, Town of",3,284067.28,0.0125595021340393
43004,8715.2,"Montrose city, Colorado","8","",51745,"","","10851745","41717",41717,"C1","0910","0480","Montrose",2002-10-18 15:59:43,"OIS",2002-10-18 15:59:43,"OIS",2411151,"Montrose, City of",2,3791795.98,0.0104292849743293
43004,8715.2,"Montrose city, Colorado","8","",51745,"","","10851745","41717",41717,"C1","0910","0480","Montrose",2002-10-18 15:59:43,"OIS",2002-10-18 15:59:43,"OIS",2411151,"Montrose, City of",3,2415808.26,0.00664464884708239
43005,316,"Naturita town, Colorado","8","",53120,"","","10853120","32813",32813,"C1","0930","0488","Naturita",2002-10-18 15:59:43,"OIS",2002-10-18 15:59:43,"OIS",2413035,"Naturita, Town of",1,289872.62,0.0279559448304489
43007,369.4,"Nucla town, Colorado","8","",54935,"","","10854935","30000",30000,"C1","0955","0497","Nucla",2002-10-18 15:59:43,"OIS",2002-10-18 15:59:43,"OIS",2413058,"Nucla, Town of",2,292467.44,0.0263912145822054
43007,369.4,"Nucla town, Colorado","8","",54935,"","","10854935","30000",30000,"C1","0955","0497","Nucla",2002-10-18 15:59:43,"OIS",2002-10-18 15:59:43,"OIS",2413058,"Nucla, Town of",3,95794.4,0.00864414365637971
43012,634,"Olathe town, Colorado","8","",55540,"","","10855540","36569",36569,"C1","0970","0501","Olathe",2002-10-18 15:59:43,"OIS",2002-10-18 15:59:43,"OIS",2413078,"Olathe, Town of",2,251206.42,0.0108349869349442
43012,634,"Olathe town, Colorado","8","",55540,"","","10855540","36569",36569,"C1","0970","0501","Olathe",2002-10-18 15:59:43,"OIS",2002-10-18 15:59:43,"OIS",2413078,"Olathe, Town of",3,267743.18,0.0115482472829334
44001,2295,"Brush city, Colorado","8","",9555,"","","10809555","44457",44457,"C1","0150","0164","Brush",2002-10-18 15:59:43,"OIS",2002-10-18 15:59:43,"OIS",2409926,"Brush, City of",2,921840.48,0.00903509934913975
44001,2295,"Brush city, Colorado","8","",9555,"","","10809555","44457",44457,"C1","0150","0164","Brush",2002-10-18 15:59:43,"OIS",2002-10-18 15:59:43,"OIS",2409926,"Brush, City of",3,1202920.76,0.0117900101064587
44006,4281.2,"Fort Morgan city, Colorado","8","",27810,"","","10827810","45403",45403,"C1","0470","0312","Fort Morgan",2002-10-18 15:59:43,"OIS",2002-10-18 15:59:43,"OIS",2410529,"Fort Morgan, City of",2,5554710.52,0.0285766532011947
44006,4281.2,"Fort Morgan city, Colorado","8","",27810,"","","10827810","45403",45403,"C1","0470","0312","Fort Morgan",2002-10-18 15:59:43,"OIS",2002-10-18 15:59:43,"OIS",2410529,"Fort Morgan, City of",3,2318816.88,0.011929339175867
44007,124,"Hillrose town, Colorado","8","",36610,"","","10836610","33750",33750,"C1","0620","0368","Hillrose",2002-10-18 15:59:43,"OIS",2002-10-18 15:59:43,"OIS",2412751,"Hillrose, Town of",2,98335.78,0.0234971995221027
44007,124,"Hillrose town, Colorado","8","",36610,"","","10836610","33750",33750,"C1","0620","0368","Hillrose",2002-10-18 15:59:43,"OIS",2002-10-18 15:59:43,"OIS",2412751,"Hillrose, Town of",3,35796.14,0.00855343847072879
44009,344,"Log Lane Village town, Colorado","8","",45695,"","","10845695","35083",35083,"C1","0815","0438","Log Lane Village",2002-10-18 15:59:43,"OIS",2002-10-18 15:59:43,"OIS",2412910,"Log Lane Village, Town of",2,297108.62,0.0246184148686603
44009,344,"Log Lane Village town, Colorado","8","",45695,"","","10845695","35083",35083,"C1","0815","0438","Log Lane Village",2002-10-18 15:59:43,"OIS",2002-10-18 15:59:43,"OIS",2412910,"Log Lane Village, Town of",3,165359.74,0.0137017050595631
44016,344.6,"Wiggins town, Colorado","8","",84770,"","","10884770","48000",48000,"C1","1363","0675","Wiggins",2002-10-18 15:59:43,"OIS",2002-10-18 15:59:43,"OIS",2413486,"Wiggins, Town of",2,331557.06,0.0200448019442832
44016,344.6,"Wiggins town, Colorado","8","",84770,"","","10884770","48000",48000,"C1","1363","0675","Wiggins",2002-10-18 15:59:43,"OIS",2002-10-18 15:59:43,"OIS",2413486,"Wiggins, Town of",3,129924.32,0.00785477848713484
45001,115,"Cheraw town, Colorado","8","",13460,"","","10813460","36429",36429,"C1","0205","0189","Cheraw",2002-10-18 15:59:43,"OIS",2002-10-18 15:59:43,"OIS",2413193,"Cheraw, Town of",2,46309.98,0.0110542556276832
45001,115,"Cheraw town, Colorado","8","",13460,"","","10813460","36429",36429,"C1","0205","0189","Cheraw",2002-10-18 15:59:43,"OIS",2002-10-18 15:59:43,"OIS",2413193,"Cheraw, Town of",3,37960.5,0.00906122332064636
45004,597,"Fowler town, Colorado","8","",27975,"","","10827975","30850",30850,"C1","0480","0299","Fowler",2002-10-18 15:59:43,"OIS",2002-10-18 15:59:43,"OIS",2412648,"Fowler, Town of",2,288219.04,0.0156492370007792
45004,597,"Fowler town, Colorado","8","",27975,"","","10827975","30850",30850,"C1","0480","0299","Fowler",2002-10-18 15:59:43,"OIS",2002-10-18 15:59:43,"OIS",2412648,"Fowler, Town of",3,152903.3,0.00830208850845258
45007,3423.2,"La Junta city, Colorado","8","",42110,"","","10842110","31113",31113,"C1","0745","0412","La Junta",2002-10-18 15:59:43,"OIS",2002-10-18 15:59:43,"OIS",2411574,"La Junta, City of",2,2660667.6,0.0249813818977537
45007,3423.2,"La Junta city, Colorado","8","",42110,"","","10842110","31113",31113,"C1","0745","0412","La Junta",2002-10-18 15:59:43,"OIS",2002-10-18 15:59:43,"OIS",2411574,"La Junta, City of",3,1059285.96,0.00994578469918174
45009,198,"Manzanola town, Colorado","8","",48500,"","","10848500","29844",29844,"C1","0855","0454","Manzanola",2002-10-18 15:59:43,"OIS",2002-10-18 15:59:43,"OIS",2412949,"Manzanola, Town of",2,123740.14,0.0209405643352165
45009,198,"Manzanola town, Colorado","8","",48500,"","","10848500","29844",29844,"C1","0855","0454","Manzanola",2002-10-18 15:59:43,"OIS",2002-10-18 15:59:43,"OIS",2412949,"Manzanola, Town of",3,89211.52,0.0150972802681689
45014,1869,"Rocky Ford city, Colorado","8","",65190,"","","10865190","27088",27088,"C1","1135","0567","Rocky Ford",2002-10-18 15:59:43,"OIS",2002-10-18 15:59:43,"OIS",2410983,"Rocky Ford, City of",2,940677.7,0.0185803806281301
45014,1869,"Rocky Ford city, Colorado","8","",65190,"","","10865190","27088",27088,"C1","1135","0567","Rocky Ford",2002-10-18 15:59:43,"OIS",2002-10-18 15:59:43,"OIS",2410983,"Rocky Ford, City of",3,392636.46,0.00775540323245846
45015,286,"Swink town, Colorado","8","",75970,"","","10875970","36932",36932,"C1","1275","0622","Swink",2002-10-18 15:59:43,"OIS",2002-10-18 15:59:43,"OIS",2413358,"Swink, Town of",2,177193.68,0.016775650429934
45015,286,"Swink town, Colorado","8","",75970,"","","10875970","36932",36932,"C1","1275","0622","Swink",2002-10-18 15:59:43,"OIS",2002-10-18 15:59:43,"OIS",2413358,"Swink, Town of",3,65685.94,0.00621875660351779
46007,799.8,"Ouray city, Colorado","8","",56420,"","","10856420","66750",66750,"C1","1005","0508","Ouray",2002-10-18 15:59:43,"OIS",2002-10-18 15:59:43,"OIS",2411342,"Ouray, City of",1,716231.52,0.0134159292632147
46009,513.2,"Ridgway town, Colorado","8","",64200,"","","10864200","51442",51442,"C1","1120","0561","Ridgway",2002-10-18 15:59:43,"OIS",2002-10-18 15:59:43,"OIS",2412551,"Ridgway, Town of",2,339962.04,0.0128773332204446
46009,513.2,"Ridgway town, Colorado","8","",64200,"","","10864200","51442",51442,"C1","1120","0561","Ridgway",2002-10-18 15:59:43,"OIS",2002-10-18 15:59:43,"OIS",2412551,"Ridgway, Town of",3,280822.3,0.0106371944727466
47001,191.8,"Alma town, Colorado","8","",1530,"","","10801530","45000",45000,"C1","0020","0109","Alma",2002-10-18 15:59:43,"OIS",2002-10-18 15:59:43,"OIS",2412350,"Alma, Town of",2,134693.62,0.0156057953887151
47001,191.8,"Alma town, Colorado","8","",1530,"","","10801530","45000",45000,"C1","0020","0109","Alma",2002-10-18 15:59:43,"OIS",2002-10-18 15:59:43,"OIS",2412350,"Alma, Town of",3,53909.06,0.00624598076700266
47005,401.4,"Fairplay town, Colorado","8","",25610,"","","10825610","42457",42457,"C1","0425","0289","Fairplay",2002-10-18 15:59:43,"OIS",2002-10-18 15:59:43,"OIS",2412616,"Fairplay, Town of",2,431067.3,0.0252940520177401
48004,500.2,"Haxtun town, Colorado","8","",34960,"","","10834960","39167",39167,"C1","0610","0358","Haxtun",2002-10-18 15:59:43,"OIS",2002-10-18 15:59:43,"OIS",2412738,"Haxtun, Town of",2,142143.2,0.00725541223243131
48004,500.2,"Haxtun town, Colorado","8","",34960,"","","10834960","39167",39167,"C1","0610","0358","Haxtun",2002-10-18 15:59:43,"OIS",2002-10-18 15:59:43,"OIS",2412738,"Haxtun, Town of",3,91674.52,0.00467934050879865
48005,1035.2,"Holyoke city, Colorado","8","",37270,"","","10837270","43419",43419,"C1","0630","0372","Holyoke",2002-10-18 15:59:43,"OIS",2002-10-18 15:59:43,"OIS",2410781,"Holyoke, City of",1,2199651,0.0489383925576496
48006,23,"Paoli town, Colorado","8","",57245,"","","10857245","29750",29750,"C1","1030","0514","Paoli",2002-10-18 15:59:43,"OIS",2002-10-18 15:59:43,"OIS",2413107,"Paoli, Town of",1,8346.25,0.012197661673365
49006,5974.4,"Aspen city, Colorado","8","",3620,"","","10803620","67164",67164,"C1","0045","0121","Aspen",2002-10-18 15:59:43,"OIS",2002-10-18 15:59:43,"OIS",2409743,"Aspen, City of",2,6364812,0.0158618825947292
50007,243,"Granada town, Colorado","8","",31550,"","","10831550","28173",28173,"C1","0545","0336","Granada",2002-10-18 15:59:43,"OIS",2002-10-18 15:59:43,"OIS",2412698,"Granada, Town of",2,115640.74,0.0168916274067384
50007,243,"Granada town, Colorado","8","",31550,"","","10831550","28173",28173,"C1","0545","0336","Granada",2002-10-18 15:59:43,"OIS",2002-10-18 15:59:43,"OIS",2412698,"Granada, Town of",3,418172,0.0610823280439974
50008,48,"Hartman town, Colorado","8","",34520,"","","10834520","",NA,"C1","0600","0354","Hartman",2002-10-18 15:59:43,"OIS",2002-10-18 15:59:43,"OIS",2412730,"Hartman, Town of",2,17827.04,NA
50011,382.4,"Holly town, Colorado","8","",37215,"","","10837215","34615",34615,"C1","0625","0371","Holly",2002-10-18 15:59:43,"OIS",2002-10-18 15:59:43,"OIS",2412764,"Holly, Town of",2,158803.8,0.0119971660772986
50011,382.4,"Holly town, Colorado","8","",37215,"","","10837215","34615",34615,"C1","0625","0371","Holly",2002-10-18 15:59:43,"OIS",2002-10-18 15:59:43,"OIS",2412764,"Holly, Town of",3,32165.8,0.00243003281161515
50012,3675.4,"Lamar city, Colorado","8","",43110,"","","10843110","35487",35487,"C1","0765","0421","Lamar",2002-10-18 15:59:43,"OIS",2002-10-18 15:59:43,"OIS",2411617,"Lamar, City of",1,2373753.66,0.0181995960990854
50017,196,"Wiley town, Colorado","8","",85045,"","","10885045","40583",40583,"C1","1365","0677","Wiley",2002-10-18 15:59:43,"OIS",2002-10-18 15:59:43,"OIS",2413488,"Wiley, Town of",2,NA,NA
51005,183.2,"Boone town, Colorado","8","",7795,"","","10807795","25000",25000,"C1","0105","0151","Boone",2002-10-18 15:59:43,"OIS",2002-10-18 15:59:43,"OIS",2411709,"Boone, Town of",1,151134.96,0.0329988995633188
51016,47844,"Pueblo city, Colorado","8","",62000,"","","10862000","34550",34550,"C1","1085","0547","Pueblo",2002-10-18 15:59:43,"OIS",2002-10-18 15:59:43,"OIS",2411501,"Pueblo, City of",2,27336625.86,0.016537481656193
51016,47844,"Pueblo city, Colorado","8","",62000,"","","10862000","34550",34550,"C1","1085","0547","Pueblo",2002-10-18 15:59:43,"OIS",2002-10-18 15:59:43,"OIS",2411501,"Pueblo, City of",3,10967870.58,0.00663508947494698
51018,115,"Rye town, Colorado","8","",66895,"","","10866895","55938",55938,"C1","1150","0574","Rye",2002-10-18 15:59:43,"OIS",2002-10-18 15:59:43,"OIS",2412588,"Rye, Town of",2,96842.46,0.0150543163471359
51018,115,"Rye town, Colorado","8","",66895,"","","10866895","55938",55938,"C1","1150","0574","Rye",2002-10-18 15:59:43,"OIS",2002-10-18 15:59:43,"OIS",2412588,"Rye, Town of",3,41026,0.00637755776193208
52007,1220.4,"Meeker town, Colorado","8","",49875,"","","10849875","50054",50054,"C1","0875","0464","Meeker",2002-10-18 15:59:43,"OIS",2002-10-18 15:59:43,"OIS",2412977,"Meeker, Town of",2,501212.74,0.00820504775851585
52015,1029.8,"Rangely town, Colorado","8","",62880,"","","10862880","68750",68750,"C1","1095","0552","Rangely",2002-10-18 15:59:43,"OIS",2002-10-18 15:59:43,"OIS",2412528,"Rangely, Town of",2,688352.8,0.00972266883242995
52015,1029.8,"Rangely town, Colorado","8","",62880,"","","10862880","68750",68750,"C1","1095","0552","Rangely",2002-10-18 15:59:43,"OIS",2002-10-18 15:59:43,"OIS",2412528,"Rangely, Town of",3,274269.12,0.0038739260227052
53002,855.8,"Del Norte town, Colorado","8","",19795,"","","10819795","29032",29032,"C1","0310","0239","Del Norte",2002-10-18 15:59:43,"OIS",2002-10-18 15:59:43,"OIS",2412416,"Del Norte, Town of",2,287403.3,0.0115675800372361
53002,855.8,"Del Norte town, Colorado","8","",19795,"","","10819795","29032",29032,"C1","0310","0239","Del Norte",2002-10-18 15:59:43,"OIS",2002-10-18 15:59:43,"OIS",2412416,"Del Norte, Town of",3,214348.92,0.00862724362592605
53005,1972.4,"Monte Vista city, Colorado","8","",51635,"","","10851635","37188",37188,"C1","0900","0478","Monte Vista",2002-10-18 15:59:43,"OIS",2002-10-18 15:59:43,"OIS",2411143,"Monte Vista, City of",1,1450955.3,0.0197813632037357
53005,1972.4,"Monte Vista city, Colorado","8","",51635,"","","10851635","37188",37188,"C1","0900","0478","Monte Vista",2002-10-18 15:59:43,"OIS",2002-10-18 15:59:43,"OIS",2411143,"Monte Vista, City of",2,668025.3,0.00910741432805304
53005,1972.4,"Monte Vista city, Colorado","8","",51635,"","","10851635","37188",37188,"C1","0900","0478","Monte Vista",2002-10-18 15:59:43,"OIS",2002-10-18 15:59:43,"OIS",2411143,"Monte Vista, City of",3,668235.75,0.00911028346391562
54005,812,"Hayden town, Colorado","8","",35070,"","","10835070","54013",54013,"C1","0615","0359","Hayden",2002-10-18 15:59:43,"OIS",2002-10-18 15:59:43,"OIS",2412740,"Hayden, Town of",1,810915.6,0.0184893364934313
54010,511.8,"Oak Creek town, Colorado","8","",55155,"","","10855155","39773",39773,"C1","0965","0499","Oak Creek",2002-10-18 15:59:43,"OIS",2002-10-18 15:59:43,"OIS",2413061,"Oak Creek, Town of",2,285662.8,0.0140334695607027
54010,511.8,"Oak Creek town, Colorado","8","",55155,"","","10855155","39773",39773,"C1","0965","0499","Oak Creek",2002-10-18 15:59:43,"OIS",2002-10-18 15:59:43,"OIS",2413061,"Oak Creek, Town of",3,513495.48,0.0252259768795181
54023,10022.4,"Steamboat Springs city, Colorado","8","",73825,"","","10873825","56125",56125,"C1","1250","0611","Steamboat Springs",2002-10-18 15:59:43,"OIS",2002-10-18 15:59:43,"OIS",2411976,"Steamboat Springs, City of",1,4224398.8,0.00750994618379996
54030,215.2,"Yampa town, Colorado","8","",86475,"","","10886475","56458",56458,"C1","1390","0688","Yampa",2002-10-18 15:59:43,"OIS",2002-10-18 15:59:43,"OIS",2413518,"Yampa, Town of",1,215996.44,0.0177778335996321
55004,112.8,"Crestone town, Colorado","8","",18420,"","","10818420","25625",25625,"C1","0275","0227","Crestone",2002-10-18 15:59:43,"OIS",2002-10-18 15:59:43,"OIS",2412387,"Crestone, Town of",1,65461.6,0.0226471544715447
55004,112.8,"Crestone town, Colorado","8","",18420,"","","10818420","25625",25625,"C1","0275","0227","Crestone",2002-10-18 15:59:43,"OIS",2002-10-18 15:59:43,"OIS",2412387,"Crestone, Town of",2,44176.5333333333,0.0152833535143862
55004,112.8,"Crestone town, Colorado","8","",18420,"","","10818420","25625",25625,"C1","0275","0227","Crestone",2002-10-18 15:59:43,"OIS",2002-10-18 15:59:43,"OIS",2412387,"Crestone, Town of",3,20062.2666666667,0.0069407599607911
55008,345.8,"Saguache town, Colorado","8","",67005,"","","10867005","27386",27386,"C1","1155","0575","Saguache",2002-10-18 15:59:43,"OIS",2002-10-18 15:59:43,"OIS",2412591,"Saguache, Town of",1,151701.22,0.0160190029252977
56002,503,"Silverton town, Colorado","8","",70580,"","","10870580","35699",35699,"C1","1225","0597","Silverton",2002-10-18 15:59:43,"OIS",2002-10-18 15:59:43,"OIS",2413289,"Silverton, Town of",2,248130.38,0.0138183409696169
56002,503,"Silverton town, Colorado","8","",70580,"","","10870580","35699",35699,"C1","1225","0597","Silverton",2002-10-18 15:59:43,"OIS",2002-10-18 15:59:43,"OIS",2413289,"Silverton, Town of",3,232250.8,0.0129340097124193
57007,253.4,"Norwood town, Colorado","8","",54880,"","","10854880","41094",41094,"C1","0950","0496","Norwood",2002-10-18 15:59:43,"OIS",2002-10-18 15:59:43,"OIS",2413057,"Norwood, Town of",2,437224.3,0.0419874272122332
57008,73.2,"Ophir town, Colorado","8","",55870,"","","10855870","70000",70000,"C1","0980","0503","Ophir",2002-10-18 15:59:43,"OIS",2002-10-18 15:59:43,"OIS",2413085,"Ophir, Town of",2,55245.4,0.010781693989071
57014,2097,"Telluride town, Colorado","8","",76795,"","","10876795","62000",62000,"C1","1280","0624","Telluride",2002-10-18 15:59:43,"OIS",2002-10-18 15:59:43,"OIS",2413371,"Telluride, Town of",2,1149808.24,0.00884372636792961
57014,2097,"Telluride town, Colorado","8","",76795,"","","10876795","62000",62000,"C1","1280","0624","Telluride",2002-10-18 15:59:43,"OIS",2002-10-18 15:59:43,"OIS",2413371,"Telluride, Town of",3,1173332.58,0.00902466334394758
57017,23,"Sawpit town, Colorado","8","",68655,"","","10868655","",NA,"C1","1175","0583","Sawpit",2002-10-18 15:59:43,"OIS",2002-10-18 15:59:43,"OIS",2413263,"Sawpit, Town of",2,7011.2,NA
57027,2074.8,"Mountain Village town, Colorado","8","",52550,"","","10852550","35568",35568,"C1","0926","0695","Mountain Village",2002-10-18 15:59:43,"OIS",2002-10-18 15:59:43,"OIS",2413024,"Mountain Village, Town of",1,1625722.8,0.022029813061669
58004,730.2,"Julesburg town, Colorado","8","",39965,"","","10839965","41500",41500,"C1","0695","0397","Julesburg",2002-10-18 15:59:43,"OIS",2002-10-18 15:59:43,"OIS",2412812,"Julesburg, Town of",2,326517.56,0.0107749835826461
58004,730.2,"Julesburg town, Colorado","8","",39965,"","","10839965","41500",41500,"C1","0695","0397","Julesburg",2002-10-18 15:59:43,"OIS",2002-10-18 15:59:43,"OIS",2412812,"Julesburg, Town of",3,193885.08,0.0063981506964588
58007,176,"Ovid town, Colorado","8","",56475,"","","10856475","25417",25417,"C1","1010","0509","Ovid",2002-10-18 15:59:43,"OIS",2002-10-18 15:59:43,"OIS",2413096,"Ovid, Town of",2,39059.62,0.00873154420627568
58007,176,"Ovid town, Colorado","8","",56475,"","","10856475","25417",25417,"C1","1010","0509","Ovid",2002-10-18 15:59:43,"OIS",2002-10-18 15:59:43,"OIS",2413096,"Ovid, Town of",3,35410.72,0.00791585445675228
58012,110,"Sedgwick town, Colorado","8","",68930,"","","10868930","29375",29375,"C1","1185","0586","Sedgwick",2002-10-18 15:59:43,"OIS",2002-10-18 15:59:43,"OIS",2413269,"Sedgwick, Town of",1,75913.26,0.023493465377176
59004,7077.6,"Breckenridge town, Colorado","8","",8400,"","","10808400","61394",61394,"C1","0125","0158","Breckenridge",2002-10-18 15:59:43,"OIS",2002-10-18 15:59:43,"OIS",2411722,"Breckenridge, Town of",2,2418354.54,0.00556554919973723
59009,1290.8,"Dillon town, Colorado","8","",20440,"","","10820440","54688",54688,"C1","0330","0245","Dillon",2002-10-18 15:59:43,"OIS",2002-10-18 15:59:43,"OIS",2412431,"Dillon, Town of",2,677409.66,0.0095962242379477
59009,1290.8,"Dillon town, Colorado","8","",20440,"","","10820440","54688",54688,"C1","0330","0245","Dillon",2002-10-18 15:59:43,"OIS",2002-10-18 15:59:43,"OIS",2412431,"Dillon, Town of",3,743178.42,0.0105279082780185
59015,3154.8,"Frisco town, Colorado","8","",28690,"","","10828690","70893",70893,"C1","0500","0304","Frisco",2002-10-18 15:59:43,"OIS",2002-10-18 15:59:43,"OIS",2412661,"Frisco, Town of",2,593887.2,0.00265539282846702
59018,2105.4,"Silverthorne town, Colorado","8","",70525,"","","10870525","70938",70938,"C1","1222","0596","Silverthorne",2002-10-18 15:59:43,"OIS",2002-10-18 15:59:43,"OIS",2413288,"Silverthorne, Town of",2,870480,0.0058283448317803
59018,2105.4,"Silverthorne town, Colorado","8","",70525,"","","10870525","70938",70938,"C1","1222","0596","Silverthorne",2002-10-18 15:59:43,"OIS",2002-10-18 15:59:43,"OIS",2413288,"Silverthorne, Town of",3,1114515,0.00746229406786098
60001,728.4,"Cripple Creek city, Colorado","8","",18530,"","","10818530","34107",34107,"C1","0280","0228","Cripple Creek",2002-10-18 15:59:43,"OIS",2002-10-18 15:59:43,"OIS",2410265,"Cripple Creek, City of",1,1753310.8,0.0705741164378724
60012,339.6,"Victor city, Colorado","8","",80865,"","","10880865","38333",38333,"C1","1310","0647","Victor",2002-10-18 15:59:43,"OIS",2002-10-18 15:59:43,"OIS",2412153,"Victor, City of",1,1332196.76,0.10233586913661
60015,3225.6,"Woodland Park city, Colorado","8","",86090,"","","10886090","64945",64945,"C1","1380","0684","Woodland Park",2002-10-18 15:59:43,"OIS",2002-10-18 15:59:43,"OIS",2412303,"Woodland Park, City of",2,1803715.24,0.00861017033491098
60015,3225.6,"Woodland Park city, Colorado","8","",86090,"","","10886090","64945",64945,"C1","1380","0684","Woodland Park",2002-10-18 15:59:43,"OIS",2002-10-18 15:59:43,"OIS",2412303,"Woodland Park, City of",3,1239251.02,0.00591565793385001
61002,844.4,"Akron town, Colorado","8","",925,"","","10800925","40972",40972,"C1","0010","0105","Akron",2002-10-18 15:59:43,"OIS",2002-10-18 15:59:43,"OIS",2412340,"Akron, Town of",2,264081.36,0.0076331247326628
61002,844.4,"Akron town, Colorado","8","",925,"","","10800925","40972",40972,"C1","0010","0105","Akron",2002-10-18 15:59:43,"OIS",2002-10-18 15:59:43,"OIS",2412340,"Akron, Town of",3,244080.7,0.00705501678700704
61006,248,"Otis town, Colorado","8","",56365,"","","10856365","38977",38977,"C1","1000","0507","Otis",2002-10-18 15:59:43,"OIS",2002-10-18 15:59:43,"OIS",2413094,"Otis, Town of",2,133938.54,0.0138562423497067
62003,616.8,"Ault town, Colorado","8","",3950,"","","10803950","50368",50368,"C1","0050","0125","Ault",2002-10-18 15:59:43,"OIS",2002-10-18 15:59:43,"OIS",2411653,"Ault, Town of",2,364803.8,0.0117424922479758
62003,616.8,"Ault town, Colorado","8","",3950,"","","10803950","50368",50368,"C1","0050","0125","Ault",2002-10-18 15:59:43,"OIS",2002-10-18 15:59:43,"OIS",2411653,"Ault, Town of",3,318125.92,0.0102400006509805
62007,1583.8,"Dacono city, Colorado","8","",19080,"","","10819080","48516",48516,"C1","0295","0233","Dacono",2002-10-18 15:59:43,"OIS",2002-10-18 15:59:43,"OIS",2410283,"Dacono, City of",2,1347646.6,0.0175384292009861
62008,1729,"Eaton town, Colorado","8","",22860,"","","10822860","69242",69242,"C1","0370","0263","Eaton",2002-10-18 15:59:43,"OIS",2002-10-18 15:59:43,"OIS",2412462,"Eaton, Town of",2,1097092.8,0.0091638668006221
62008,1729,"Eaton town, Colorado","8","",22860,"","","10822860","69242",69242,"C1","0370","0263","Eaton",2002-10-18 15:59:43,"OIS",2002-10-18 15:59:43,"OIS",2412462,"Eaton, Town of",3,664607.36,0.00555137479869807
62011,6847.6,"Evans city, Colorado","8","",25280,"","","10825280","47791",47791,"C1","0415","0285","Evans",2002-10-18 15:59:43,"OIS",2002-10-18 15:59:43,"OIS",2410467,"Evans, City of",2,3585001.58,0.0109548100150214
62011,6847.6,"Evans city, Colorado","8","",25280,"","","10825280","47791",47791,"C1","0415","0285","Evans",2002-10-18 15:59:43,"OIS",2002-10-18 15:59:43,"OIS",2410467,"Evans, City of",3,1399176.6,0.00427551103909516
62012,3657.4,"Firestone town, Colorado","8","",26600,"","","10826600","81745",81745,"C1","0435","0293","Firestone",2002-10-18 15:59:43,"OIS",2002-10-18 15:59:43,"OIS",2412626,"Firestone, Town of",2,1747443.74,0.00584479850186921
62014,2552.6,"Fort Lupton city, Colorado","8","",27700,"","","10827700","50191",50191,"C1","0465","0310","Fort Lupton",2002-10-18 15:59:43,"OIS",2002-10-18 15:59:43,"OIS",2410528,"Fort Lupton, City of",1,4651315.02,0.0363050584672998
62016,3319.2,"Frederick town, Colorado","8","",28360,"","","10828360","89386",89386,"C1","0490","0303","Frederick",2002-10-18 15:59:43,"OIS",2002-10-18 15:59:43,"OIS",2412656,"Frederick, Town of",2,2399327.22,0.00808698348250964
62020,346,"Gilcrest town, Colorado","8","",29955,"","","10829955","46875",46875,"C1","0525","0322","Gilcrest",2002-10-18 15:59:43,"OIS",2002-10-18 15:59:43,"OIS",2412683,"Gilcrest, Town of",2,197118.68,0.0121537529094412
62020,346,"Gilcrest town, Colorado","8","",29955,"","","10829955","46875",46875,"C1","0525","0322","Gilcrest",2002-10-18 15:59:43,"OIS",2002-10-18 15:59:43,"OIS",2412683,"Gilcrest, Town of",3,137167.72,0.00845735460500963
62022,36553.4,"Greeley city, Colorado","8","",32155,"","","10832155","48813",48813,"C1","0570","0342","Greeley",2002-10-18 15:59:43,"OIS",2002-10-18 15:59:43,"OIS",2410654,"Greeley, City of",2,27328175.68,0.0153160706922871
62022,36553.4,"Greeley city, Colorado","8","",32155,"","","10832155","48813",48813,"C1","0570","0342","Greeley",2002-10-18 15:59:43,"OIS",2002-10-18 15:59:43,"OIS",2410654,"Greeley, City of",3,6545031.32,0.00366816151777436
62023,90,"Grover town, Colorado","8","",33310,"","","10833310","",NA,"C1","0585","0347","Grover",2002-10-18 15:59:43,"OIS",2002-10-18 15:59:43,"OIS",2412712,"Grover, Town of",2,80668.26,NA
62023,90,"Grover town, Colorado","8","",33310,"","","10833310","",NA,"C1","0585","0347","Grover",2002-10-18 15:59:43,"OIS",2002-10-18 15:59:43,"OIS",2412712,"Grover, Town of",3,39360.02,NA
62029,561.2,"Hudson town, Colorado","8","",37820,"","","10837820","49306",49306,"C1","0650","0379","Hudson",2002-10-18 15:59:43,"OIS",2002-10-18 15:59:43,"OIS",2412776,"Hudson, Town of",2,602696.6,0.0217811751703813
62029,561.2,"Hudson town, Colorado","8","",37820,"","","10837820","49306",49306,"C1","0650","0379","Hudson",2002-10-18 15:59:43,"OIS",2002-10-18 15:59:43,"OIS",2412776,"Hudson, Town of",3,1656711.68,0.0598727905697438
62033,465.2,"Keenesburg town, Colorado","8","",40185,"","","10840185","53264",53264,"C1","0700","0399","Keenesburg",2002-10-18 15:59:43,"OIS",2002-10-18 15:59:43,"OIS",2412820,"Keenesburg, Town of",2,317927.96,0.0128308444356856
62033,465.2,"Keenesburg town, Colorado","8","",40185,"","","10840185","53264",53264,"C1","0700","0399","Keenesburg",2002-10-18 15:59:43,"OIS",2002-10-18 15:59:43,"OIS",2412820,"Keenesburg, Town of",3,170329.56,0.00687411100036238
62035,533.4,"Kersey town, Colorado","8","",40515,"","","10840515","55179",55179,"C1","0710","0401","Kersey",2002-10-18 15:59:43,"OIS",2002-10-18 15:59:43,"OIS",2412828,"Kersey, Town of",2,262147.66,0.00890674766344687
62035,533.4,"Kersey town, Colorado","8","",40515,"","","10840515","55179",55179,"C1","0710","0401","Kersey",2002-10-18 15:59:43,"OIS",2002-10-18 15:59:43,"OIS",2412828,"Kersey, Town of",3,331831.54,0.011274332159032
62037,748.4,"La Salle town, Colorado","8","",43605,"","","10843605","48906",48906,"C1","0775","0413","La Salle",2002-10-18 15:59:43,"OIS",2002-10-18 15:59:43,"OIS",2412856,"La Salle, Town of",2,568398.76,0.0155294902165419
62037,748.4,"La Salle town, Colorado","8","",43605,"","","10843605","48906",48906,"C1","0775","0413","La Salle",2002-10-18 15:59:43,"OIS",2002-10-18 15:59:43,"OIS",2412856,"La Salle, Town of",3,310207.2,0.00847531700720257
62038,1870.4,"Lochbuie town, Colorado","8","",45530,"","","10845530","49415",49415,"C1","0813","0437","Lochbuie",2002-10-18 15:59:43,"OIS",2002-10-18 15:59:43,"OIS",2412905,"Lochbuie, Town of",2,950008.1,0.010278601164852
62038,1870.4,"Lochbuie town, Colorado","8","",45530,"","","10845530","49415",49415,"C1","0813","0437","Lochbuie",2002-10-18 15:59:43,"OIS",2002-10-18 15:59:43,"OIS",2412905,"Lochbuie, Town of",3,1150761.54,0.0124506505844644
62040,1295.4,"Mead town, Colorado","8","",49600,"","","10849600","95033",95033,"C1","0865","0463","Mead",2002-10-18 15:59:43,"OIS",2002-10-18 15:59:43,"OIS",2412970,"Mead, Town of",3,503519.58,0.00409013866015397
62043,1999.2,"Milliken town, Colorado","8","",50480,"","","10850480","72273",72273,"C1","0885","0471","Milliken",2002-10-18 15:59:43,"OIS",2002-10-18 15:59:43,"OIS",2413000,"Milliken, Town of",2,862202.08,0.00596728445504916
62043,1999.2,"Milliken town, Colorado","8","",50480,"","","10850480","72273",72273,"C1","0885","0471","Milliken",2002-10-18 15:59:43,"OIS",2002-10-18 15:59:43,"OIS",2413000,"Milliken, Town of",3,878500.94,0.00608008855999057
62045,197.8,"Nunn town, Colorado","8","",55045,"","","10855045","50455",50455,"C1","0960","0498","Nunn",2002-10-18 15:59:43,"OIS",2002-10-18 15:59:43,"OIS",2413059,"Nunn, Town of",2,158801.38,0.0159119635182328
62046,337,"Pierce town, Colorado","8","",59005,"","","10859005","57917",57917,"C1","1045","0530","Pierce",2002-10-18 15:59:43,"OIS",2002-10-18 15:59:43,"OIS",2413129,"Pierce, Town of",2,203394.2,0.0104208370630047
62046,337,"Pierce town, Colorado","8","",59005,"","","10859005","57917",57917,"C1","1045","0530","Pierce",2002-10-18 15:59:43,"OIS",2002-10-18 15:59:43,"OIS",2413129,"Pierce, Town of",3,191197.9,0.00979596351660303
62050,940.4,"Platteville town, Colorado","8","",60160,"","","10860160","57227",57227,"C1","1055","0537","Platteville",2002-10-18 15:59:43,"OIS",2002-10-18 15:59:43,"OIS",2412489,"Platteville, Town of",2,692568.22,0.0128691232169138
62050,940.4,"Platteville town, Colorado","8","",60160,"","","10860160","57227",57227,"C1","1055","0537","Platteville",2002-10-18 15:59:43,"OIS",2002-10-18 15:59:43,"OIS",2412489,"Platteville, Town of",3,323071.6,0.00600323276208875
62051,55,"Raymer (New Raymer) town, Colorado","8","",63045,"","","10863045","51875",51875,"C1","1100","0553","Raymer (a.k.a. New Raymer)",2002-10-18 15:59:43,"OIS",2002-10-18 15:59:43,"OIS",2412533,"Raymer, Town of",2,16995.2,0.00595669660460022
62053,1201.8,"Severance town, Colorado","8","",69150,"","","10869150","85625",85625,"C1","1195","0589","Severance",2002-10-18 15:59:43,"OIS",2002-10-18 15:59:43,"OIS",2413272,"Severance, Town of",2,636998.8,0.00619021637859513
62053,1201.8,"Severance town, Colorado","8","",69150,"","","10869150","85625",85625,"C1","1195","0589","Severance",2002-10-18 15:59:43,"OIS",2002-10-18 15:59:43,"OIS",2413272,"Severance, Town of",3,390060.26,0.00379052112828324
63003,132,"Eckley town, Colorado","8","",23025,"","","10823025","38375",38375,"C1","0375","0265","Eckley",2002-10-18 15:59:43,"OIS",2002-10-18 15:59:43,"OIS",2412464,"Eckley, Town of",2,52704.8,0.0104046589675254
63003,132,"Eckley town, Colorado","8","",23025,"","","10823025","38375",38375,"C1","0375","0265","Eckley",2002-10-18 15:59:43,"OIS",2002-10-18 15:59:43,"OIS",2412464,"Eckley, Town of",3,48161.3,0.00950770901194354
63010,1020.4,"Wray city, Colorado","8","",86310,"","","10886310","40850",40850,"C1","1385","0687","Wray",2002-10-18 15:59:43,"OIS",2002-10-18 15:59:43,"OIS",2412310,"Wray, City of",2,344967.9,0.00827591790868966
63010,1020.4,"Wray city, Colorado","8","",86310,"","","10886310","40850",40850,"C1","1385","0687","Wray",2002-10-18 15:59:43,"OIS",2002-10-18 15:59:43,"OIS",2412310,"Wray, City of",3,150957.74,0.00362153656592778
63017,1490.2,"Yuma city, Colorado","8","",86750,"","","10886750","37123",37123,"C1","1395","0691","Yuma",2002-10-18 15:59:43,"OIS",2002-10-18 15:59:43,"OIS",2412329,"Yuma, City of",2,315145.2,0.00569669636794474
63017,1490.2,"Yuma city, Colorado","8","",86750,"","","10886750","37123",37123,"C1","1395","0691","Yuma",2002-10-18 15:59:43,"OIS",2002-10-18 15:59:43,"OIS",2412329,"Yuma, City of",3,246287.4,0.00445199399213617
64009,45203.8,"Arvada city, Colorado","8","",3455,"","","10803455","69938",69938,"C1","0040","0120","Arvada",2002-10-18 15:59:43,"OIS",2002-10-18 15:59:43,"OIS",2409737,"Arvada, City of",2,17980480,0.00568739154230637
64009,45203.8,"Arvada city, Colorado","8","",3455,"","","10803455","69938",69938,"C1","0040","0120","Arvada",2002-10-18 15:59:43,"OIS",2002-10-18 15:59:43,"OIS",2409737,"Arvada, City of",3,9248400,0.00292535415850223
64010,132556,"Aurora city, Colorado","8","",4000,"","","10804000","53011",53011,"C1","0055","0126","Aurora",2002-10-18 15:59:43,"OIS",2002-10-18 15:59:43,"OIS",2409757,"Aurora, City of",2,113509852.58,0.0161535571466367
64010,132556,"Aurora city, Colorado","8","",4000,"","","10804000","53011",53011,"C1","0055","0126","Aurora",2002-10-18 15:59:43,"OIS",2002-10-18 15:59:43,"OIS",2409757,"Aurora, City of",3,47810014.6,0.00680383055275602
64017,1920.4,"Basalt town, Colorado","8","",4935,"","","10804935","69583",69583,"C1","0060","0716","Basalt",2002-10-18 15:59:43,"OIS",2002-10-18 15:59:43,"OIS",2411665,"Basalt, Town of",2,586034.52,0.00438559327608477
64029,11639.4,"Brighton city, Colorado","8","",8675,"","","10808675","61051",61051,"C1","0130","0713","Brighton",2002-10-18 15:59:43,"OIS",2002-10-18 15:59:43,"OIS",2409911,"Brighton, City of",1,12295170.64,0.0173025927176102
64030,23372.8,"Broomfield city, Colorado","8","",9280,"","","10809280","81898",81898,"C1","0143","0796","Broomfield",2002-10-18 15:59:43,"OIS",2002-10-18 15:59:43,"OIS",2409919,"Broomfield, City and County of",2,22415730.5,0.0117103225516816
64030,23372.8,"Broomfield city, Colorado","8","",9280,"","","10809280","81898",81898,"C1","0143","0796","Broomfield",2002-10-18 15:59:43,"OIS",2002-10-18 15:59:43,"OIS",2409919,"Broomfield, City and County of",3,9500255.82,0.0049630798325172
64039,925,"Center town, Colorado","8","",12855,"","","10812855","25130",25130,"C1","0195","0186","Center",2002-10-18 15:59:43,"OIS",2002-10-18 15:59:43,"OIS",2413186,"Center, Town of",2,342511,0.0147346662221314
64060,6924.2,"Erie town, Colorado","8","",24950,"","","10824950","111745",111745,"C1","0400","0702","Erie",2002-10-18 15:59:43,"OIS",2002-10-18 15:59:43,"OIS",2412599,"Erie, Town of",2,8454485.14,0.0109267111272302
64060,6924.2,"Erie town, Colorado","8","",24950,"","","10824950","111745",111745,"C1","0400","0702","Erie",2002-10-18 15:59:43,"OIS",2002-10-18 15:59:43,"OIS",2412599,"Erie, Town of",3,3769024.24,0.00487114690250769
64085,19519.8,"Littleton city, Colorado","8","",45255,"","","10845255","65221",65221,"C1","0810","0435","Littleton",2002-10-18 15:59:43,"OIS",2002-10-18 15:59:43,"OIS",2410845,"Littleton, City of",3,12439509.1,0.00977103176697068
64153,44098.2,"Westminster city, Colorado","8","",83835,"","","10883835","67081",67081,"C1","1355","0669","Westminster",2002-10-18 15:59:43,"OIS",2002-10-18 15:59:43,"OIS",2412237,"Westminster, City of",1,37627290.28,0.0127198664891087
64198,14319.2,"Northglenn city, Colorado","8","",54330,"","","10854330","55831",55831,"C1","0943","0495","Northglenn",2002-10-18 15:59:43,"OIS",2002-10-18 15:59:43,"OIS",2411280,"Northglenn, City of",1,9760956.34,0.0122095092583488
64205,35433,"Longmont city, Colorado","8","",45970,"","","10845970","62208",62208,"C1","0820","0440","Longmont",2002-10-18 15:59:43,"OIS",2002-10-18 15:59:43,"OIS",2410869,"Longmont, City of",2,11260033,0.00510840710395984
64205,35433,"Longmont city, Colorado","8","",45970,"","","10845970","62208",62208,"C1","0820","0440","Longmont",2002-10-18 15:59:43,"OIS",2002-10-18 15:59:43,"OIS",2410869,"Longmont, City of",3,7900899.86,0.00358444890636638
64225,7712.2,"Windsor town, Colorado","8","",85485,"","","10885485","80512",80512,"C1","1375","0680","Windsor",2002-10-18 15:59:43,"OIS",2002-10-18 15:59:43,"OIS",2413496,"Windsor, Town of",2,3212845.82,0.00517429262733804
64225,7712.2,"Windsor town, Colorado","8","",85485,"","","10885485","80512",80512,"C1","1375","0680","Windsor",2002-10-18 15:59:43,"OIS",2002-10-18 15:59:43,"OIS",2413496,"Windsor, Town of",3,1252742.38,0.00201754333196976
64237,2131.4,"Berthoud town, Colorado","8","",6255,"","","10806255","59477",59477,"C1","0080","0139","Berthoud",2002-10-18 15:59:43,"OIS",2002-10-18 15:59:43,"OIS",2411681,"Berthoud, Town of",2,1533844.92,0.0120995003412412
64237,2131.4,"Berthoud town, Colorado","8","",6255,"","","10806255","59477",59477,"C1","0080","0139","Berthoud",2002-10-18 15:59:43,"OIS",2002-10-18 15:59:43,"OIS",2411681,"Berthoud, Town of",3,1636562.26,0.0129097703197612
64258,898,"Bennett town, Colorado","8","",6090,"","","10806090","50750",50750,"C1","0075","0727","Bennett",2002-10-18 15:59:43,"OIS",2002-10-18 15:59:43,"OIS",2411676,"Bennett, Town of",2,568145.02,0.0124665654382481
64258,898,"Bennett town, Colorado","8","",6090,"","","10806090","50750",50750,"C1","0075","0727","Bennett",2002-10-18 15:59:43,"OIS",2002-10-18 15:59:43,"OIS",2411676,"Bennett, Town of",3,323059.36,0.00708875464908335
64263,493,"Central City city, Colorado","8","",12910,"","","10812910","47132",47132,"C1","0200","0187","Central City",2002-10-18 15:59:43,"OIS",2002-10-18 15:59:43,"OIS",2409427,"Central City",2,968861.38,0.0416964284330969
64264,43906.8,"Thornton city, Colorado","8","",77290,"","","10877290","66948",66948,"C1","1285","0628","Thornton",2002-10-18 15:59:43,"OIS",2002-10-18 15:59:43,"OIS",2412064,"Thornton, City of",2,32485690.48,0.011051537672954
64264,43906.8,"Thornton city, Colorado","8","",77290,"","","10877290","66948",66948,"C1","1285","0628","Thornton",2002-10-18 15:59:43,"OIS",2002-10-18 15:59:43,"OIS",2412064,"Thornton, City of",3,10479892.06,0.00356522888072478
64266,3978.2,"Johnstown town, Colorado","8","",39855,"","","10839855","81313",81313,"C1","0690","0396","Johnstown",2002-10-18 15:59:43,"OIS",2002-10-18 15:59:43,"OIS",2412807,"Johnstown, Town of",2,2369707.48,0.0073256833400241
64266,3978.2,"Johnstown town, Colorado","8","",39855,"","","10839855","81313",81313,"C1","0690","0396","Johnstown",2002-10-18 15:59:43,"OIS",2002-10-18 15:59:43,"OIS",2412807,"Johnstown, Town of",3,1059563.2,0.00327552010003472
