"LG_ID","housingunits","geoname","state","county","place","tract","bg","geonum","b19013001","mhi","FIPS_CLASS_CODE","PLACECE","DOR_CODE","NAME.x","CREATED_ON","CREATED_BY","UPDATED_ON","UPDATED_BY","FEATURE_ID","NAME.y","rev","s5metric"
1009,4882.6,"Federal Heights city, Colorado","8","",26270,"","","10826270","36800",36800,"C1","0430","0292","Federal Heights",2002-10-18 15:59:43,"OIS",2002-10-18 15:59:43,"OIS",2410493,"Federal Heights, City of",2948402.2,0.0164092133289641
2003,3731.6,"Alamosa city, Colorado","8","",1090,"","","10801090","27850",27850,"C1","0015","0106","Alamosa",2002-10-18 15:59:43,"OIS",2002-10-18 15:59:43,"OIS",2409673,"Alamosa, City of",2117221.58,0.0203725798185731
3033,274.6,"Deer Trail town, Colorado","8","",19630,"","","10819630","36111",36111,"C1","0305","0238","Deer Trail",2002-10-18 15:59:43,"OIS",2002-10-18 15:59:43,"OIS",2412415,"Deer Trail, Town of",222609.32,0.0224493253917279
3041,15534,"Englewood city, Colorado","8","",24785,"","","10824785","47046",47046,"C1","0395","0281","Englewood",2002-10-18 15:59:43,"OIS",2002-10-18 15:59:43,"OIS",2410441,"Englewood, City of",23880892.66,0.032677178576804
3043,2716.2,"Glendale city, Colorado","8","",30340,"","","10830340","37189",37189,"C1","0530","0329","Glendale",2002-10-18 15:59:43,"OIS",2002-10-18 15:59:43,"OIS",2410598,"Glendale, City of",3119702.8,0.0308842441727992
5003,75,"Campo town, Colorado","8","",11645,"","","10811645","",NA,"C1","0170","0178","Campo",2002-10-18 15:59:43,"OIS",2002-10-18 15:59:43,"OIS",2413155,"Campo, Town of",54686,NA
5006,76,"Pritchett town, Colorado","8","",61315,"","","10861315","51875",51875,"C1","1075","0543","Pritchett",2002-10-18 15:59:43,"OIS",2002-10-18 15:59:43,"OIS",2412509,"Pritchett, Town of",49210.88,0.0124821509194673
5011,828.8,"Springfield town, Colorado","8","",73330,"","","10873330","33029",33029,"C1","1240","0609","Springfield",2002-10-18 15:59:43,"OIS",2002-10-18 15:59:43,"OIS",2413324,"Springfield, Town of",407516.58,0.014886757553997
5016,37,"Two Buttes town, Colorado","8","",79270,"","","10879270","24375",24375,"C1","1300","0639","Two Buttes",2002-10-18 15:59:43,"OIS",2002-10-18 15:59:43,"OIS",2413409,"Two Buttes, Town of",16698,0.0185147609147609
5019,60,"Vilas town, Colorado","8","",81030,"","","10881030","32500",32500,"C1","1315","0648","Vilas",2002-10-18 15:59:43,"OIS",2002-10-18 15:59:43,"OIS",2413433,"Vilas, Town of",34793.1,0.0178426153846154
5023,350,"Walsh town, Colorado","8","",82460,"","","10882460","34712",34712,"C1","1335","0657","Walsh",2002-10-18 15:59:43,"OIS",2002-10-18 15:59:43,"OIS",2413444,"Walsh, Town of",270684.76,0.0222800480690087
6005,1214,"Las Animas city, Colorado","8","",43660,"","","10843660","29260",29260,"C1","0780","0424","Las Animas",2002-10-18 15:59:43,"OIS",2002-10-18 15:59:43,"OIS",2411628,"Las Animas, City of",1045417.1,0.0294304288878554
7006,44221,"Boulder city, Colorado","8","",7850,"","","10807850","58484",58484,"C1","0110","0152","Boulder",2002-10-18 15:59:43,"OIS",2002-10-18 15:59:43,"OIS",2409883,"Boulder, City of",33005680,0.0127621268481837
7020,10348.6,"Lafayette city, Colorado","8","",41835,"","","10841835","70714",70714,"C1","0735","0415","Lafayette",2002-10-18 15:59:43,"OIS",2002-10-18 15:59:43,"OIS",2411592,"Lafayette, City of",8752474.34,0.0119603486941637
7029,8048.2,"Louisville city, Colorado","8","",46355,"","","10846355","91230",91230,"C1","0825","0441","Louisville",2002-10-18 15:59:43,"OIS",2002-10-18 15:59:43,"OIS",2410884,"Louisville, City of",6493120.92,0.00884335492599868
7032,892.4,"Lyons town, Colorado","8","",47070,"","","10847070","85577",85577,"C1","0835","0447","Lyons",2002-10-18 15:59:43,"OIS",2002-10-18 15:59:43,"OIS",2412930,"Lyons, Town of",1544737.28,0.0202273043167559
7033,750.8,"Nederland town, Colorado","8","",53175,"","","10853175","60000",60000,"C1","0935","0489","Nederland",2002-10-18 15:59:43,"OIS",2002-10-18 15:59:43,"OIS",2413037,"Nederland, Town of",936044.76,0.0207788305807139
8006,369.4,"Poncha Springs town, Colorado","8","",60600,"","","10860600","39643",39643,"C1","1065","0539","Poncha Springs",2002-10-18 15:59:43,"OIS",2002-10-18 15:59:43,"OIS",2412495,"Poncha Springs, Town of",303201.7,0.0207046659710794
8007,2951.4,"Salida city, Colorado","8","",67280,"","","10867280","40801",40801,"C1","1160","0576","Salida",2002-10-18 15:59:43,"OIS",2002-10-18 15:59:43,"OIS",2411766,"Salida, City of",2237116.44,0.0185776043311663
9013,146,"Kit Carson town, Colorado","8","",41010,"","","10841010","45000",45000,"C1","0720","0406","Kit Carson",2002-10-18 15:59:43,"OIS",2002-10-18 15:59:43,"OIS",2412842,"Kit Carson, Town of",132845.125,0.0202199581430746
10005,195.6,"Empire town, Colorado","8","",24620,"","","10824620","41250",41250,"C1","0390","0280","Empire",2002-10-18 15:59:43,"OIS",2002-10-18 15:59:43,"OIS",2412485,"Empire, Town of",201201.42,0.0249366573712586
10007,758.8,"Georgetown town, Colorado","8","",29735,"","","10829735","62375",62375,"C1","0520","0321","Georgetown",2002-10-18 15:59:43,"OIS",2002-10-18 15:59:43,"OIS",2412677,"Georgetown, Town of",1304727.74,0.0275665245092188
10008,934,"Idaho Springs city, Colorado","8","",38370,"","","10838370","46480",46480,"C1","0660","0382","Idaho Springs",2002-10-18 15:59:43,"OIS",2002-10-18 15:59:43,"OIS",2410092,"Idaho Springs, City of",1203007.76,0.0277112064040807
10009,145,"Silver Plume town, Colorado","8","",70360,"","","10870360","42000",42000,"C1","1220","0595","Silver Plume",2002-10-18 15:59:43,"OIS",2002-10-18 15:59:43,"OIS",2413287,"Silver Plume, Town of",212065.66,0.034821947454844
11001,407,"Antonito town, Colorado","8","",2355,"","","10802355","21087",21087,"C1","0025","0113","Antonito",2002-10-18 15:59:43,"OIS",2002-10-18 15:59:43,"OIS",2412370,"Antonito, Town of",212134.88,0.024717405101528
11009,355.2,"La Jara town, Colorado","8","",42055,"","","10842055","28000",28000,"C1","0740","0411","La Jara",2002-10-18 15:59:43,"OIS",2002-10-18 15:59:43,"OIS",2412855,"La Jara, Town of",260468.4,0.0261893098455598
11010,425,"Manassa town, Colorado","8","",48060,"","","10848060","33375",33375,"C1","0840","0451","Manassa",2002-10-18 15:59:43,"OIS",2002-10-18 15:59:43,"OIS",2412937,"Manassa, Town of",236013.2,0.0166389565983697
11013,156,"Romeo town, Colorado","8","",65740,"","","10865740","20833",20833,"C1","1140","0570","Romeo",2002-10-18 15:59:43,"OIS",2002-10-18 15:59:43,"OIS",2412574,"Romeo, Town of",98175.6,0.030208360256841
11016,350,"Sanford town, Colorado","8","",67830,"","","10867830","56250",56250,"C1","1165","0580","Sanford",2002-10-18 15:59:43,"OIS",2002-10-18 15:59:43,"OIS",2413256,"Sanford, Town of",113035.8,0.00574150095238095
12001,167,"Blanca town, Colorado","8","",7190,"","","10807190","30250",30250,"C1","0095","0144","Blanca",2002-10-18 15:59:43,"OIS",2002-10-18 15:59:43,"OIS",2411696,"Blanca, Town of",111972.92,0.0221651744444994
13002,88,"Crowley town, Colorado","8","",18750,"","","10818750","27344",27344,"C1","0290","0231","Crowley",2002-10-18 15:59:43,"OIS",2002-10-18 15:59:43,"OIS",2412394,"Crowley, Town of",244185.82,0.101478893491675
13004,161,"Olney Springs town, Colorado","8","",55705,"","","10855705","31458",31458,"C1","0975","0502","Olney Springs",2002-10-18 15:59:43,"OIS",2002-10-18 15:59:43,"OIS",2413079,"Olney Springs, Town of",161217.12,0.0318312852510831
13006,540.8,"Ordway town, Colorado","8","",56145,"","","10856145","27589",27589,"C1","0995","0506","Ordway",2002-10-18 15:59:43,"OIS",2002-10-18 15:59:43,"OIS",2413090,"Ordway, Town of",401820.88,0.0269314575464323
13007,151,"Sugar City town, Colorado","8","",74815,"","","10874815","32500",32500,"C1","1265","0620","Sugar City",2002-10-18 15:59:43,"OIS",2002-10-18 15:59:43,"OIS",2413346,"Sugar City, Town of",164670.16,0.0335547957208355
15003,1181.8,"Cedaredge town, Colorado","8","",12635,"","","10812635","33030",33030,"C1","0190","0185","Cedaredge",2002-10-18 15:59:43,"OIS",2002-10-18 15:59:43,"OIS",2413184,"Cedaredge, Town of",1076445.6,0.0275765243031266
15005,212,"Crawford town, Colorado","8","",17925,"","","10817925","35192",35192,"C1","0260","0224","Crawford",2002-10-18 15:59:43,"OIS",2002-10-18 15:59:43,"OIS",2412382,"Crawford, Town of",172489.04,0.0231196734249208
15015,3857,"Delta city, Colorado","8","",19850,"","","10819850","42314",42314,"C1","0315","0241","Delta",2002-10-18 15:59:43,"OIS",2002-10-18 15:59:43,"OIS",2410319,"Delta, City of",2779679.62,0.0170318185771378
15020,471,"Hotchkiss town, Colorado","8","",37545,"","","10837545","31818",31818,"C1","0640","0375","Hotchkiss",2002-10-18 15:59:43,"OIS",2002-10-18 15:59:43,"OIS",2412771,"Hotchkiss, Town of",528972.84,0.0352971458290044
15025,788.8,"Paonia town, Colorado","8","",57300,"","","10857300","40759",40759,"C1","1035","0515","Paonia",2002-10-18 15:59:43,"OIS",2002-10-18 15:59:43,"OIS",2413109,"Paonia, Town of",864009.2,0.0268737297010324
16002,289289.6,"Denver city, Colorado","8","",20000,"","","10820000","53637",53637,"C1","0320","0242","Denver",2002-10-18 15:59:43,"OIS",2002-10-18 15:59:43,"OIS",2410324,"Denver, City And County of",305184640,0.0196682342274217
17003,360,"Dove Creek town, Colorado","8","",21265,"","","10821265","36688",36688,"C1","0340","0250","Dove Creek",2002-10-18 15:59:43,"OIS",2002-10-18 15:59:43,"OIS",2412446,"Dove Creek, Town of",287229.32,0.0217471440858652
17007,210.4,"Rico town, Colorado","8","",64090,"","","10864090","31458",31458,"C1","1115","0560","Rico",2002-10-18 15:59:43,"OIS",2002-10-18 15:59:43,"OIS",2412550,"Rico, Town of",139194.34,0.0210302643853462
18003,18300.2,"Castle Rock town, Colorado","8","",12415,"","","10812415","88294",88294,"C1","0185","0184","Castle Rock",2002-10-18 15:59:43,"OIS",2002-10-18 15:59:43,"OIS",2413179,"Castle Rock, Town of",19451802.82,0.0120385125614947
18021,90,"Larkspur town, Colorado","8","",43550,"","","10843550","44688",44688,"C1","0770","0423","Larkspur",2002-10-18 15:59:43,"OIS",2002-10-18 15:59:43,"OIS",2412878,"Larkspur, Town of",147151.12,0.0365872816963042
19009,2425.2,"Eagle town, Colorado","8","",22200,"","","10822200","78066",78066,"C1","0360","0258","Eagle",2002-10-18 15:59:43,"OIS",2002-10-18 15:59:43,"OIS",2412456,"Eagle, Town of",2959104.38,0.015629705608764
19020,2258,"Gypsum town, Colorado","8","",33695,"","","10833695","88698",88698,"C1","0595","0351","Gypsum",2002-10-18 15:59:43,"OIS",2002-10-18 15:59:43,"OIS",2412716,"Gypsum, Town of",1835953.52,0.00916693004782243
19024,535,"Minturn town, Colorado","8","",50920,"","","10850920","63947",63947,"C1","0890","0473","Minturn",2002-10-18 15:59:43,"OIS",2002-10-18 15:59:43,"OIS",2413005,"Minturn, Town of",978363.125,0.028597371596718
19026,141.2,"Red Cliff town, Colorado","8","",63265,"","","10863265","68125",68125,"C1","1110","0555","Red Cliff",2002-10-18 15:59:43,"OIS",2002-10-18 15:59:43,"OIS",2412535,"Red Cliff, Town of",371944.72,0.0386667068638407
20004,531.6,"Elizabeth town, Colorado","8","",23740,"","","10823740","53542",53542,"C1","0385","0276","Elizabeth",2002-10-18 15:59:43,"OIS",2002-10-18 15:59:43,"OIS",2412474,"Elizabeth, Town of",1044300.58,0.0366898517732217
20005,322,"Kiowa town, Colorado","8","",40790,"","","10840790","58750",58750,"C1","0715","0404","Kiowa",2002-10-18 15:59:43,"OIS",2002-10-18 15:59:43,"OIS",2412838,"Kiowa, Town of",1989454.26,0.105164755385225
20006,266,"Simla town, Colorado","8","",70635,"","","10870635","41953",41953,"C1","1230","0598","Simla",2002-10-18 15:59:43,"OIS",2002-10-18 15:59:43,"OIS",2413290,"Simla, Town of",220070.96,0.0197205071410918
21006,349.4,"Calhan town, Colorado","8","",11260,"","","10811260","45179",45179,"C1","0165","0175","Calhan",2002-10-18 15:59:43,"OIS",2002-10-18 15:59:43,"OIS",2413149,"Calhan, Town of",352568.4,0.0223348926884528
21030,2848.2,"Manitou Springs city, Colorado","8","",48445,"","","10848445","49139",49139,"C1","0850","0453","Manitou Springs",2002-10-18 15:59:43,"OIS",2002-10-18 15:59:43,"OIS",2411021,"Manitou Springs, City of",1825367.14,0.0130422773638639
21036,68,"Ramah town, Colorado","8","",62660,"","","10862660","31250",31250,"C1","1090","0550","Ramah",2002-10-18 15:59:43,"OIS",2002-10-18 15:59:43,"OIS",2412523,"Ramah, Town of",47029.64,0.0221315952941176
23004,2476.4,"Carbondale town, Colorado","8","",12045,"","","10812045","62770",62770,"C1","0180","0181","Carbondale (was 12030 prior to 1990)",2002-10-18 15:59:43,"OIS",2002-10-18 15:59:43,"OIS",2413166,"Carbondale, Town of",2140969.12,0.0137732832638209
23008,4139.8,"Glenwood Springs city, Colorado","8","",30780,"","","10830780","49538",49538,"C1","0535","0331","Glenwood Springs",2002-10-18 15:59:43,"OIS",2002-10-18 15:59:43,"OIS",2410605,"Glenwood Springs, City of",11071691.86,0.0539878659986447
23012,1721.6,"New Castle town, Colorado","8","",53395,"","","10853395","66818",66818,"C1","0940","0490","New Castle",2002-10-18 15:59:43,"OIS",2002-10-18 15:59:43,"OIS",2413042,"New Castle, Town of",1964969.58,0.0170816612576626
23013,538.8,"Parachute town, Colorado","8","",57400,"","","10857400","32917",32917,"C1","1037","0516","Parachute",2002-10-18 15:59:43,"OIS",2002-10-18 15:59:43,"OIS",2413110,"Parachute, Town of",613239.2,0.0345765831268174
23017,3633.2,"Rifle city, Colorado","8","",64255,"","","10864255","54175",54175,"C1","1125","0562","Rifle",2002-10-18 15:59:43,"OIS",2002-10-18 15:59:43,"OIS",2410947,"Rifle, City of",5541035.72,0.0281515767448645
23019,1085.2,"Silt town, Colorado","8","",70195,"","","10870195","56268",56268,"C1","1210","0593","Silt",2002-10-18 15:59:43,"OIS",2002-10-18 15:59:43,"OIS",2413284,"Silt, Town of",1661465.86,0.0272094747266983
25006,1104.8,"Fraser town, Colorado","8","",28305,"","","10828305","45938",45938,"C1","0485","0302","Fraser",2002-10-18 15:59:43,"OIS",2002-10-18 15:59:43,"OIS",2412655,"Fraser, Town of",891641.2,0.0175684876909151
25008,1616.6,"Granby town, Colorado","8","",31605,"","","10831605","50125",50125,"C1","0550","0337","Granby",2002-10-18 15:59:43,"OIS",2002-10-18 15:59:43,"OIS",2412699,"Granby, Town of",1375172.66,0.0169707200512883
25015,318.8,"Hot Sulphur Springs town, Colorado","8","",37600,"","","10837600","50250",50250,"C1","0645","0378","Hot Sulphur Springs",2002-10-18 15:59:43,"OIS",2002-10-18 15:59:43,"OIS",2412770,"Hot Sulphur Springs, Town of",484086.26,0.0302181851095838
26004,1087.2,"Crested Butte town, Colorado","8","",18310,"","","10818310","59659",59659,"C1","0270","0226","Crested Butte",2002-10-18 15:59:43,"OIS",2002-10-18 15:59:43,"OIS",2412385,"Crested Butte, Town of",1202309.14,0.0185366280430597
26008,2670.2,"Gunnison city, Colorado","8","",33640,"","","10833640","35871",35871,"C1","0590","0350","Gunnison",2002-10-18 15:59:43,"OIS",2002-10-18 15:59:43,"OIS",2410674,"Gunnison, City of",1553162.6,0.0162154740185446
27005,453.8,"Lake City town, Colorado","8","",42330,"","","10842330","44821",44821,"C1","0750","0417","Lake City",2002-10-18 15:59:43,"OIS",2002-10-18 15:59:43,"OIS",2412863,"Lake City, Town of",418577.64,0.0205792712560592
28007,567.4,"La Veta town, Colorado","8","",44100,"","","10844100","29792",29792,"C1","0785","0414","La Veta",2002-10-18 15:59:43,"OIS",2002-10-18 15:59:43,"OIS",2412857,"La Veta, Town of",367047.72,0.0217136853349952
28010,1762,"Walsenburg city, Colorado","8","",82350,"","","10882350","24928",24928,"C1","1330","0656","Walsenburg",2002-10-18 15:59:43,"OIS",2002-10-18 15:59:43,"OIS",2412176,"Walsenburg, City of",1861759.82,0.0423867690139429
29006,377.8,"Walden town, Colorado","8","",82130,"","","10882130","44276",44276,"C1","1325","0655","Walden",2002-10-18 15:59:43,"OIS",2002-10-18 15:59:43,"OIS",2413440,"Walden, Town of",362296.28,0.0216587576815549
30020,2438.4,"Edgewater city, Colorado","8","",23135,"","","10823135","44148",44148,"C1","0380","0266","Edgewater",2002-10-18 15:59:43,"OIS",2002-10-18 15:59:43,"OIS",2410399,"Edgewater, City of",1357939.2,0.0126143344612502
30035,7852,"Golden city, Colorado","8","",30835,"","","10830835","58998",58998,"C1","0540","0333","Golden",2002-10-18 15:59:43,"OIS",2002-10-18 15:59:43,"OIS",2410611,"Golden, City of",7092389.68,0.0153099935850075
30055,66285,"Lakewood city, Colorado","8","",43000,"","","10843000","56954",56954,"C1","0760","0420","Lakewood",2002-10-18 15:59:43,"OIS",2002-10-18 15:59:43,"OIS",2411614,"Lakewood, City of",4260015,0.00112842223930266
30065,141,"Morrison town, Colorado","8","",52075,"","","10852075","59583",59583,"C1","0920","0482","Morrison",2002-10-18 15:59:43,"OIS",2002-10-18 15:59:43,"OIS",2413014,"Morrison, Town of",672861.88,0.0800911345672757
31002,352,"Eads town, Colorado","8","",22145,"","","10822145","36150",36150,"C1","0355","0257","Eads",2002-10-18 15:59:43,"OIS",2002-10-18 15:59:43,"OIS",2412454,"Eads, Town of",315063.4,0.0247597919024268
32001,84,"Bethune town, Colorado","8","",6530,"","","10806530","37500",37500,"C1","0085","0140","Bethune",2002-10-18 15:59:43,"OIS",2002-10-18 15:59:43,"OIS",2411684,"Bethune, Town of",56735.1,0.0180111428571429
32004,1479.6,"Burlington city, Colorado","8","",10600,"","","10810600","42457",42457,"C1","0160","0171","Burlington",2002-10-18 15:59:43,"OIS",2002-10-18 15:59:43,"OIS",2409946,"Burlington, City of",1310619.36,0.0208632975750037
32010,328,"Flagler town, Colorado","8","",26765,"","","10826765","26125",26125,"C1","0440","0294","Flagler",2002-10-18 15:59:43,"OIS",2002-10-18 15:59:43,"OIS",2412628,"Flagler, Town of",176782.6,0.0206304819698915
32015,122.8,"Seibert town, Colorado","8","",69040,"","","10869040","",NA,"C1","1190","0588","Seibert",2002-10-18 15:59:43,"OIS",2002-10-18 15:59:43,"OIS",2413270,"Seibert, Town of",96388.02,NA
32020,346,"Stratton town, Colorado","8","",74485,"","","10874485","42632",42632,"C1","1260","0619","Stratton",2002-10-18 15:59:43,"OIS",2002-10-18 15:59:43,"OIS",2413341,"Stratton, Town of",292573.8,0.0198346082131038
32023,61,"Vona town, Colorado","8","",81690,"","","10881690","31250",31250,"C1","1320","0653","Vona",2002-10-18 15:59:43,"OIS",2002-10-18 15:59:43,"OIS",2413437,"Vona, Town of",38622.84,0.0202611619672131
34005,1004.8,"Bayfield town, Colorado","8","",5265,"","","10805265","64087",64087,"C1","0065","0134","Bayfield",2002-10-18 15:59:43,"OIS",2002-10-18 15:59:43,"OIS",2411667,"Bayfield, Town of",1312968.98,0.0203894211804435
34008,7961.2,"Durango city, Colorado","8","",22035,"","","10822035","57024",57024,"C1","0350","0256","Durango",2002-10-18 15:59:43,"OIS",2002-10-18 15:59:43,"OIS",2410374,"Durango, City of",5373112.1,0.0118355839179307
34015,309.8,"Ignacio town, Colorado","8","",38535,"","","10838535","48333",48333,"C1","0665","0385","Ignacio",2002-10-18 15:59:43,"OIS",2002-10-18 15:59:43,"OIS",2412787,"Ignacio, Town of",686346.76,0.0458372360449617
35009,62259.6,"Fort Collins city, Colorado","8","",27425,"","","10827425","55647",55647,"C1","0455","0307","Fort Collins",2002-10-18 15:59:43,"OIS",2002-10-18 15:59:43,"OIS",2410526,"Fort Collins, City of",37968853.08,0.0109592137256152
35026,29454.6,"Loveland city, Colorado","8","",46465,"","","10846465","56277",56277,"C1","0830","0443","Loveland",2002-10-18 15:59:43,"OIS",2002-10-18 15:59:43,"OIS",2410886,"Loveland, City of",14517965.92,0.00875833807641769
35047,2355,"Wellington town, Colorado","8","",83230,"","","10883230","76917",76917,"C1","1345","0664","Wellington",2002-10-18 15:59:43,"OIS",2002-10-18 15:59:43,"OIS",2413464,"Wellington, Town of",1885812.42,0.0104108273216004
36001,290,"Aguilar town, Colorado","8","",760,"","","10800760","36701",36701,"C1","0005","0104","Aguilar",2002-10-18 15:59:43,"OIS",2002-10-18 15:59:43,"OIS",2412339,"Aguilar, Town of",309519.32,0.0290811694504237
36004,94.6,"Cokedale town, Colorado","8","",15550,"","","10815550","57857",57857,"C1","0230","0205","Cokedale",2002-10-18 15:59:43,"OIS",2002-10-18 15:59:43,"OIS",2413221,"Cokedale, Town of",80193.66,0.0146518676706779
36011,4365.4,"Trinidad city, Colorado","8","",78610,"","","10878610","43819",43819,"C1","1295","0637","Trinidad",2002-10-18 15:59:43,"OIS",2002-10-18 15:59:43,"OIS",2412094,"Trinidad, City of",3751378.46,0.0196112092711715
37002,129,"Arriba town, Colorado","8","",3235,"","","10803235","36071",36071,"C1","0035","0117","Arriba",2002-10-18 15:59:43,"OIS",2002-10-18 15:59:43,"OIS",2411647,"Arriba, Town of",103539,0.0222513350607619
37004,84,"Genoa town, Colorado","8","",29680,"","","10829680","37321",37321,"C1","0515","0320","Genoa",2002-10-18 15:59:43,"OIS",2002-10-18 15:59:43,"OIS",2412675,"Genoa, Town of",82530.32,0.026325763230455
37006,409.4,"Hugo town, Colorado","8","",37875,"","","10837875","32321",32321,"C1","0655","0380","Hugo",2002-10-18 15:59:43,"OIS",2002-10-18 15:59:43,"OIS",2412778,"Hugo, Town of",195242.4,0.0147550780113392
37007,966,"Limon town, Colorado","8","",44980,"","","10844980","31776",31776,"C1","0800","0433","Limon",2002-10-18 15:59:43,"OIS",2002-10-18 15:59:43,"OIS",2412897,"Limon, Town of",942803.8,0.0307146075843534
38002,76,"Crook town, Colorado","8","",18640,"","","10818640","38125",38125,"C1","0285","0230","Crook",2002-10-18 15:59:43,"OIS",2002-10-18 15:59:43,"OIS",2412389,"Crook, Town of",51017.78,0.017607516824849
38005,204.4,"Fleming town, Colorado","8","",26875,"","","10826875","41875",41875,"C1","0445","0295","Fleming",2002-10-18 15:59:43,"OIS",2002-10-18 15:59:43,"OIS",2412631,"Fleming, Town of",89108,0.0104107252387768
38007,128.2,"Iliff town, Colorado","8","",38590,"","","10838590","36250",36250,"C1","0670","0386","Iliff",2002-10-18 15:59:43,"OIS",2002-10-18 15:59:43,"OIS",2412788,"Iliff, Town of",66432.26,0.0142949615363925
38011,120.8,"Merino town, Colorado","8","",50040,"","","10850040","39773",39773,"C1","0880","0466","Merino",2002-10-18 15:59:43,"OIS",2002-10-18 15:59:43,"OIS",2412985,"Merino, Town of",78785.14,0.0163979299411578
38016,106,"Peetz town, Colorado","8","",58235,"","","10858235","34750",34750,"C1","1040","0523","Peetz",2002-10-18 15:59:43,"OIS",2002-10-18 15:59:43,"OIS",2413123,"Peetz, Town of",61223.6,0.016621039771956
38019,5408.8,"Sterling city, Colorado","8","",73935,"","","10873935","35732",35732,"C1","1255","0612","Sterling",2002-10-18 15:59:43,"OIS",2002-10-18 15:59:43,"OIS",2411978,"Sterling, City of",5363347.84,0.027750941109308
39011,223.2,"Collbran town, Colorado","8","",15605,"","","10815605","32361",32361,"C1","0235","0206","Collbran",2002-10-18 15:59:43,"OIS",2002-10-18 15:59:43,"OIS",2413226,"Collbran, Town of",172065.6,0.0238219840489
39012,224.2,"De Beque town, Colorado","8","",19355,"","","10819355","44000",44000,"C1","0300","0235","De Beque",2002-10-18 15:59:43,"OIS",2002-10-18 15:59:43,"OIS",2412412,"De Beque, Town of",297217.12,0.030129056848593
39034,1292.2,"Palisade town, Colorado","8","",56970,"","","10856970","43167",43167,"C1","1020","0512","Palisade",2002-10-18 15:59:43,"OIS",2002-10-18 15:59:43,"OIS",2413101,"Palisade, Town of",1163794.22,0.0208638567354488
40001,272,"City of Creede town, Colorado","8","",14765,"","","10814765","32188",32188,"C1","0265","0225","Creede",2011-11-22 10:17:12,"OIS",2012-12-11 17:26:31,"OIS",2412384,"Creede, City of",288896.02,0.0329973195162245
41004,4088.2,"Craig city, Colorado","8","",17760,"","","10817760","49590",49590,"C1","0255","0223","Craig",2002-10-18 15:59:43,"OIS",2002-10-18 15:59:43,"OIS",2410255,"Craig, City of",3583769.24,0.0176772130166055
41005,175,"Dinosaur town, Colorado","8","",20495,"","","10820495","42083",42083,"C1","0332","0246","Dinosaur",2002-10-18 15:59:43,"OIS",2002-10-18 15:59:43,"OIS",2412432,"Dinosaur, Town of",91232.8,0.0123881445171277
42008,501.6,"Dolores town, Colorado","8","",20770,"","","10820770","34813",34813,"C1","0335","0248","Dolores",2002-10-18 15:59:43,"OIS",2002-10-18 15:59:43,"OIS",2412439,"Dolores, Town of",346150.98,0.0198228724984081
42016,615.8,"Mancos town, Colorado","8","",48115,"","","10848115","36729",36729,"C1","0845","0452","Mancos",2002-10-18 15:59:43,"OIS",2002-10-18 15:59:43,"OIS",2412939,"Mancos, Town of",539991.98,0.023874732863194
43004,8715.2,"Montrose city, Colorado","8","",51745,"","","10851745","41717",41717,"C1","0910","0480","Montrose",2002-10-18 15:59:43,"OIS",2002-10-18 15:59:43,"OIS",2411151,"Montrose, City of",6207604.24,0.0170739338214117
43005,316,"Naturita town, Colorado","8","",53120,"","","10853120","32813",32813,"C1","0930","0488","Naturita",2002-10-18 15:59:43,"OIS",2002-10-18 15:59:43,"OIS",2413035,"Naturita, Town of",289872.62,0.0279559448304489
43007,369.4,"Nucla town, Colorado","8","",54935,"","","10854935","30000",30000,"C1","0955","0497","Nucla",2002-10-18 15:59:43,"OIS",2002-10-18 15:59:43,"OIS",2413058,"Nucla, Town of",388261.84,0.0350353582385851
43012,634,"Olathe town, Colorado","8","",55540,"","","10855540","36569",36569,"C1","0970","0501","Olathe",2002-10-18 15:59:43,"OIS",2002-10-18 15:59:43,"OIS",2413078,"Olathe, Town of",518949.6,0.0223832342178776
44001,2295,"Brush city, Colorado","8","",9555,"","","10809555","44457",44457,"C1","0150","0164","Brush",2002-10-18 15:59:43,"OIS",2002-10-18 15:59:43,"OIS",2409926,"Brush, City of",2124761.24,0.0208251094555984
44006,4281.2,"Fort Morgan city, Colorado","8","",27810,"","","10827810","45403",45403,"C1","0470","0312","Fort Morgan",2002-10-18 15:59:43,"OIS",2002-10-18 15:59:43,"OIS",2410529,"Fort Morgan, City of",7873527.4,0.0405059923770617
44007,124,"Hillrose town, Colorado","8","",36610,"","","10836610","33750",33750,"C1","0620","0368","Hillrose",2002-10-18 15:59:43,"OIS",2002-10-18 15:59:43,"OIS",2412751,"Hillrose, Town of",134131.92,0.0320506379928315
44009,344,"Log Lane Village town, Colorado","8","",45695,"","","10845695","35083",35083,"C1","0815","0438","Log Lane Village",2002-10-18 15:59:43,"OIS",2002-10-18 15:59:43,"OIS",2412910,"Log Lane Village, Town of",462468.36,0.0383201199282234
44016,344.6,"Wiggins town, Colorado","8","",84770,"","","10884770","48000",48000,"C1","1363","0675","Wiggins",2002-10-18 15:59:43,"OIS",2002-10-18 15:59:43,"OIS",2413486,"Wiggins, Town of",461481.38,0.0278995804314181
45001,115,"Cheraw town, Colorado","8","",13460,"","","10813460","36429",36429,"C1","0205","0189","Cheraw",2002-10-18 15:59:43,"OIS",2002-10-18 15:59:43,"OIS",2413193,"Cheraw, Town of",84270.48,0.0201154789483295
45004,597,"Fowler town, Colorado","8","",27975,"","","10827975","30850",30850,"C1","0480","0299","Fowler",2002-10-18 15:59:43,"OIS",2002-10-18 15:59:43,"OIS",2412648,"Fowler, Town of",441122.34,0.0239513255092317
45007,3423.2,"La Junta city, Colorado","8","",42110,"","","10842110","31113",31113,"C1","0745","0412","La Junta",2002-10-18 15:59:43,"OIS",2002-10-18 15:59:43,"OIS",2411574,"La Junta, City of",3719953.56,0.0349271665969354
45009,198,"Manzanola town, Colorado","8","",48500,"","","10848500","29844",29844,"C1","0855","0454","Manzanola",2002-10-18 15:59:43,"OIS",2002-10-18 15:59:43,"OIS",2412949,"Manzanola, Town of",212951.66,0.0360378446033854
45014,1869,"Rocky Ford city, Colorado","8","",65190,"","","10865190","27088",27088,"C1","1135","0567","Rocky Ford",2002-10-18 15:59:43,"OIS",2002-10-18 15:59:43,"OIS",2410983,"Rocky Ford, City of",1333314.16,0.0263357838605886
45015,286,"Swink town, Colorado","8","",75970,"","","10875970","36932",36932,"C1","1275","0622","Swink",2002-10-18 15:59:43,"OIS",2002-10-18 15:59:43,"OIS",2413358,"Swink, Town of",242879.62,0.0229944070334518
46007,799.8,"Ouray city, Colorado","8","",56420,"","","10856420","66750",66750,"C1","1005","0508","Ouray",2002-10-18 15:59:43,"OIS",2002-10-18 15:59:43,"OIS",2411342,"Ouray, City of",716231.52,0.0134159292632147
46009,513.2,"Ridgway town, Colorado","8","",64200,"","","10864200","51442",51442,"C1","1120","0561","Ridgway",2002-10-18 15:59:43,"OIS",2002-10-18 15:59:43,"OIS",2412551,"Ridgway, Town of",620784.34,0.0235145276931912
47001,191.8,"Alma town, Colorado","8","",1530,"","","10801530","45000",45000,"C1","0020","0109","Alma",2002-10-18 15:59:43,"OIS",2002-10-18 15:59:43,"OIS",2412350,"Alma, Town of",188602.68,0.0218517761557178
48004,500.2,"Haxtun town, Colorado","8","",34960,"","","10834960","39167",39167,"C1","0610","0358","Haxtun",2002-10-18 15:59:43,"OIS",2002-10-18 15:59:43,"OIS",2412738,"Haxtun, Town of",233817.72,0.01193475274123
48005,1035.2,"Holyoke city, Colorado","8","",37270,"","","10837270","43419",43419,"C1","0630","0372","Holyoke",2002-10-18 15:59:43,"OIS",2002-10-18 15:59:43,"OIS",2410781,"Holyoke, City of",2199651,0.0489383925576496
48006,23,"Paoli town, Colorado","8","",57245,"","","10857245","29750",29750,"C1","1030","0514","Paoli",2002-10-18 15:59:43,"OIS",2002-10-18 15:59:43,"OIS",2413107,"Paoli, Town of",8346.25,0.012197661673365
50007,243,"Granada town, Colorado","8","",31550,"","","10831550","28173",28173,"C1","0545","0336","Granada",2002-10-18 15:59:43,"OIS",2002-10-18 15:59:43,"OIS",2412698,"Granada, Town of",543374.85,0.0793706915780059
50011,382.4,"Holly town, Colorado","8","",37215,"","","10837215","34615",34615,"C1","0625","0371","Holly",2002-10-18 15:59:43,"OIS",2002-10-18 15:59:43,"OIS",2412764,"Holly, Town of",190969.6,0.0144271988889137
50012,3675.4,"Lamar city, Colorado","8","",43110,"","","10843110","35487",35487,"C1","0765","0421","Lamar",2002-10-18 15:59:43,"OIS",2002-10-18 15:59:43,"OIS",2411617,"Lamar, City of",2373753.66,0.0181995960990854
51005,183.2,"Boone town, Colorado","8","",7795,"","","10807795","25000",25000,"C1","0105","0151","Boone",2002-10-18 15:59:43,"OIS",2002-10-18 15:59:43,"OIS",2411709,"Boone, Town of",151134.96,0.0329988995633188
51016,47844,"Pueblo city, Colorado","8","",62000,"","","10862000","34550",34550,"C1","1085","0547","Pueblo",2002-10-18 15:59:43,"OIS",2002-10-18 15:59:43,"OIS",2411501,"Pueblo, City of",38304496.44,0.02317257113114
51018,115,"Rye town, Colorado","8","",66895,"","","10866895","55938",55938,"C1","1150","0574","Rye",2002-10-18 15:59:43,"OIS",2002-10-18 15:59:43,"OIS",2412588,"Rye, Town of",137868.46,0.021431874109068
52015,1029.8,"Rangely town, Colorado","8","",62880,"","","10862880","68750",68750,"C1","1095","0552","Rangely",2002-10-18 15:59:43,"OIS",2002-10-18 15:59:43,"OIS",2412528,"Rangely, Town of",962621.92,0.0135965948551352
53002,855.8,"Del Norte town, Colorado","8","",19795,"","","10819795","29032",29032,"C1","0310","0239","Del Norte",2002-10-18 15:59:43,"OIS",2002-10-18 15:59:43,"OIS",2412416,"Del Norte, Town of",501752.22,0.0201948236631621
53005,1972.4,"Monte Vista city, Colorado","8","",51635,"","","10851635","37188",37188,"C1","0900","0478","Monte Vista",2002-10-18 15:59:43,"OIS",2002-10-18 15:59:43,"OIS",2411143,"Monte Vista, City of",1405077.6,0.0191558970390289
54005,812,"Hayden town, Colorado","8","",35070,"","","10835070","54013",54013,"C1","0615","0359","Hayden",2002-10-18 15:59:43,"OIS",2002-10-18 15:59:43,"OIS",2412740,"Hayden, Town of",810915.6,0.0184893364934313
54010,511.8,"Oak Creek town, Colorado","8","",55155,"","","10855155","39773",39773,"C1","0965","0499","Oak Creek",2002-10-18 15:59:43,"OIS",2002-10-18 15:59:43,"OIS",2413061,"Oak Creek, Town of",799158.28,0.0392594464402208
54023,10022.4,"Steamboat Springs city, Colorado","8","",73825,"","","10873825","56125",56125,"C1","1250","0611","Steamboat Springs",2002-10-18 15:59:43,"OIS",2002-10-18 15:59:43,"OIS",2411976,"Steamboat Springs, City of",4224398.8,0.00750994618379996
54030,215.2,"Yampa town, Colorado","8","",86475,"","","10886475","56458",56458,"C1","1390","0688","Yampa",2002-10-18 15:59:43,"OIS",2002-10-18 15:59:43,"OIS",2413518,"Yampa, Town of",215996.44,0.0177778335996321
55004,112.8,"Crestone town, Colorado","8","",18420,"","","10818420","25625",25625,"C1","0275","0227","Crestone",2002-10-18 15:59:43,"OIS",2002-10-18 15:59:43,"OIS",2412387,"Crestone, Town of",64727.92,0.0223933298737243
55008,345.8,"Saguache town, Colorado","8","",67005,"","","10867005","27386",27386,"C1","1155","0575","Saguache",2002-10-18 15:59:43,"OIS",2002-10-18 15:59:43,"OIS",2412591,"Saguache, Town of",151701.22,0.0160190029252977
56002,503,"Silverton town, Colorado","8","",70580,"","","10870580","35699",35699,"C1","1225","0597","Silverton",2002-10-18 15:59:43,"OIS",2002-10-18 15:59:43,"OIS",2413289,"Silverton, Town of",480381.18,0.0267523506820362
57014,2097,"Telluride town, Colorado","8","",76795,"","","10876795","62000",62000,"C1","1280","0624","Telluride",2002-10-18 15:59:43,"OIS",2002-10-18 15:59:43,"OIS",2413371,"Telluride, Town of",2323140.82,0.0178683897118772
57027,2074.8,"Mountain Village town, Colorado","8","",52550,"","","10852550","35568",35568,"C1","0926","0695","Mountain Village",2002-10-18 15:59:43,"OIS",2002-10-18 15:59:43,"OIS",2413024,"Mountain Village, Town of",1625722.8,0.022029813061669
58004,730.2,"Julesburg town, Colorado","8","",39965,"","","10839965","41500",41500,"C1","0695","0397","Julesburg",2002-10-18 15:59:43,"OIS",2002-10-18 15:59:43,"OIS",2412812,"Julesburg, Town of",520402.64,0.0171731342791049
58007,176,"Ovid town, Colorado","8","",56475,"","","10856475","25417",25417,"C1","1010","0509","Ovid",2002-10-18 15:59:43,"OIS",2002-10-18 15:59:43,"OIS",2413096,"Ovid, Town of",74470.34,0.016647398663028
58012,110,"Sedgwick town, Colorado","8","",68930,"","","10868930","29375",29375,"C1","1185","0586","Sedgwick",2002-10-18 15:59:43,"OIS",2002-10-18 15:59:43,"OIS",2413269,"Sedgwick, Town of",75913.26,0.023493465377176
59009,1290.8,"Dillon town, Colorado","8","",20440,"","","10820440","54688",54688,"C1","0330","0245","Dillon",2002-10-18 15:59:43,"OIS",2002-10-18 15:59:43,"OIS",2412431,"Dillon, Town of",1420588.08,0.0201241325159662
59018,2105.4,"Silverthorne town, Colorado","8","",70525,"","","10870525","70938",70938,"C1","1222","0596","Silverthorne",2002-10-18 15:59:43,"OIS",2002-10-18 15:59:43,"OIS",2413288,"Silverthorne, Town of",1984995,0.0132906388996413
60001,728.4,"Cripple Creek city, Colorado","8","",18530,"","","10818530","34107",34107,"C1","0280","0228","Cripple Creek",2002-10-18 15:59:43,"OIS",2002-10-18 15:59:43,"OIS",2410265,"Cripple Creek, City of",1753310.8,0.0705741164378724
60012,339.6,"Victor city, Colorado","8","",80865,"","","10880865","38333",38333,"C1","1310","0647","Victor",2002-10-18 15:59:43,"OIS",2002-10-18 15:59:43,"OIS",2412153,"Victor, City of",1332196.76,0.10233586913661
60015,3225.6,"Woodland Park city, Colorado","8","",86090,"","","10886090","64945",64945,"C1","1380","0684","Woodland Park",2002-10-18 15:59:43,"OIS",2002-10-18 15:59:43,"OIS",2412303,"Woodland Park, City of",3042966.26,0.014525828268761
61002,844.4,"Akron town, Colorado","8","",925,"","","10800925","40972",40972,"C1","0010","0105","Akron",2002-10-18 15:59:43,"OIS",2002-10-18 15:59:43,"OIS",2412340,"Akron, Town of",508162.06,0.0146881415196698
62003,616.8,"Ault town, Colorado","8","",3950,"","","10803950","50368",50368,"C1","0050","0125","Ault",2002-10-18 15:59:43,"OIS",2002-10-18 15:59:43,"OIS",2411653,"Ault, Town of",682929.72,0.0219824928989563
62008,1729,"Eaton town, Colorado","8","",22860,"","","10822860","69242",69242,"C1","0370","0263","Eaton",2002-10-18 15:59:43,"OIS",2002-10-18 15:59:43,"OIS",2412462,"Eaton, Town of",1761700.16,0.0147152415993202
62011,6847.6,"Evans city, Colorado","8","",25280,"","","10825280","47791",47791,"C1","0415","0285","Evans",2002-10-18 15:59:43,"OIS",2002-10-18 15:59:43,"OIS",2410467,"Evans, City of",4984178.18,0.0152303210541165
62014,2552.6,"Fort Lupton city, Colorado","8","",27700,"","","10827700","50191",50191,"C1","0465","0310","Fort Lupton",2002-10-18 15:59:43,"OIS",2002-10-18 15:59:43,"OIS",2410528,"Fort Lupton, City of",4651315.02,0.0363050584672998
62020,346,"Gilcrest town, Colorado","8","",29955,"","","10829955","46875",46875,"C1","0525","0322","Gilcrest",2002-10-18 15:59:43,"OIS",2002-10-18 15:59:43,"OIS",2412683,"Gilcrest, Town of",334286.4,0.0206111075144509
62022,36553.4,"Greeley city, Colorado","8","",32155,"","","10832155","48813",48813,"C1","0570","0342","Greeley",2002-10-18 15:59:43,"OIS",2002-10-18 15:59:43,"OIS",2410654,"Greeley, City of",33873207,0.0189842322100615
62023,90,"Grover town, Colorado","8","",33310,"","","10833310","",NA,"C1","0585","0347","Grover",2002-10-18 15:59:43,"OIS",2002-10-18 15:59:43,"OIS",2412712,"Grover, Town of",120028.28,NA
62029,561.2,"Hudson town, Colorado","8","",37820,"","","10837820","49306",49306,"C1","0650","0379","Hudson",2002-10-18 15:59:43,"OIS",2002-10-18 15:59:43,"OIS",2412776,"Hudson, Town of",2259408.28,0.0816539657401251
62033,465.2,"Keenesburg town, Colorado","8","",40185,"","","10840185","53264",53264,"C1","0700","0399","Keenesburg",2002-10-18 15:59:43,"OIS",2002-10-18 15:59:43,"OIS",2412820,"Keenesburg, Town of",488257.52,0.0197049554360479
62035,533.4,"Kersey town, Colorado","8","",40515,"","","10840515","55179",55179,"C1","0710","0401","Kersey",2002-10-18 15:59:43,"OIS",2002-10-18 15:59:43,"OIS",2412828,"Kersey, Town of",593979.2,0.0201810798224788
62037,748.4,"La Salle town, Colorado","8","",43605,"","","10843605","48906",48906,"C1","0775","0413","La Salle",2002-10-18 15:59:43,"OIS",2002-10-18 15:59:43,"OIS",2412856,"La Salle, Town of",878605.96,0.0240048072237445
62038,1870.4,"Lochbuie town, Colorado","8","",45530,"","","10845530","49415",49415,"C1","0813","0437","Lochbuie",2002-10-18 15:59:43,"OIS",2002-10-18 15:59:43,"OIS",2412905,"Lochbuie, Town of",2100769.64,0.0227292517493164
62043,1999.2,"Milliken town, Colorado","8","",50480,"","","10850480","72273",72273,"C1","0885","0471","Milliken",2002-10-18 15:59:43,"OIS",2002-10-18 15:59:43,"OIS",2413000,"Milliken, Town of",1740703.02,0.0120473730150397
62046,337,"Pierce town, Colorado","8","",59005,"","","10859005","57917",57917,"C1","1045","0530","Pierce",2002-10-18 15:59:43,"OIS",2002-10-18 15:59:43,"OIS",2413129,"Pierce, Town of",394592.1,0.0202168005796077
62050,940.4,"Platteville town, Colorado","8","",60160,"","","10860160","57227",57227,"C1","1055","0537","Platteville",2002-10-18 15:59:43,"OIS",2002-10-18 15:59:43,"OIS",2412489,"Platteville, Town of",1015639.82,0.0188723559790025
62053,1201.8,"Severance town, Colorado","8","",69150,"","","10869150","85625",85625,"C1","1195","0589","Severance",2002-10-18 15:59:43,"OIS",2002-10-18 15:59:43,"OIS",2413272,"Severance, Town of",1027059.06,0.00998073750687837
63003,132,"Eckley town, Colorado","8","",23025,"","","10823025","38375",38375,"C1","0375","0265","Eckley",2002-10-18 15:59:43,"OIS",2002-10-18 15:59:43,"OIS",2412464,"Eckley, Town of",100866.1,0.019912367979469
63010,1020.4,"Wray city, Colorado","8","",86310,"","","10886310","40850",40850,"C1","1385","0687","Wray",2002-10-18 15:59:43,"OIS",2002-10-18 15:59:43,"OIS",2412310,"Wray, City of",495925.64,0.0118974544746174
63017,1490.2,"Yuma city, Colorado","8","",86750,"","","10886750","37123",37123,"C1","1395","0691","Yuma",2002-10-18 15:59:43,"OIS",2002-10-18 15:59:43,"OIS",2412329,"Yuma, City of",561432.6,0.0101486903600809
64009,45203.8,"Arvada city, Colorado","8","",3455,"","","10803455","69938",69938,"C1","0040","0120","Arvada",2002-10-18 15:59:43,"OIS",2002-10-18 15:59:43,"OIS",2409737,"Arvada, City of",27228880,0.0086127457008086
64010,132556,"Aurora city, Colorado","8","",4000,"","","10804000","53011",53011,"C1","0055","0126","Aurora",2002-10-18 15:59:43,"OIS",2002-10-18 15:59:43,"OIS",2409757,"Aurora, City of",161319867.18,0.0229573876993927
64029,11639.4,"Brighton city, Colorado","8","",8675,"","","10808675","61051",61051,"C1","0130","0713","Brighton",2002-10-18 15:59:43,"OIS",2002-10-18 15:59:43,"OIS",2409911,"Brighton, City of",12295170.64,0.0173025927176102
64030,23372.8,"Broomfield city, Colorado","8","",9280,"","","10809280","81898",81898,"C1","0143","0796","Broomfield",2002-10-18 15:59:43,"OIS",2002-10-18 15:59:43,"OIS",2409919,"Broomfield, City and County of",31915986.32,0.0166734023841988
64060,6924.2,"Erie town, Colorado","8","",24950,"","","10824950","111745",111745,"C1","0400","0702","Erie",2002-10-18 15:59:43,"OIS",2002-10-18 15:59:43,"OIS",2412599,"Erie, Town of",12223509.38,0.0157978580297379
64153,44098.2,"Westminster city, Colorado","8","",83835,"","","10883835","67081",67081,"C1","1355","0669","Westminster",2002-10-18 15:59:43,"OIS",2002-10-18 15:59:43,"OIS",2412237,"Westminster, City of",37627290.28,0.0127198664891087
64198,14319.2,"Northglenn city, Colorado","8","",54330,"","","10854330","55831",55831,"C1","0943","0495","Northglenn",2002-10-18 15:59:43,"OIS",2002-10-18 15:59:43,"OIS",2411280,"Northglenn, City of",9760956.34,0.0122095092583488
64205,35433,"Longmont city, Colorado","8","",45970,"","","10845970","62208",62208,"C1","0820","0440","Longmont",2002-10-18 15:59:43,"OIS",2002-10-18 15:59:43,"OIS",2410869,"Longmont, City of",19160932.86,0.00869285601032622
64225,7712.2,"Windsor town, Colorado","8","",85485,"","","10885485","80512",80512,"C1","1375","0680","Windsor",2002-10-18 15:59:43,"OIS",2002-10-18 15:59:43,"OIS",2413496,"Windsor, Town of",4465588.2,0.0071918359593078
64237,2131.4,"Berthoud town, Colorado","8","",6255,"","","10806255","59477",59477,"C1","0080","0139","Berthoud",2002-10-18 15:59:43,"OIS",2002-10-18 15:59:43,"OIS",2411681,"Berthoud, Town of",3170407.18,0.0250092706610024
64258,898,"Bennett town, Colorado","8","",6090,"","","10806090","50750",50750,"C1","0075","0727","Bennett",2002-10-18 15:59:43,"OIS",2002-10-18 15:59:43,"OIS",2411676,"Bennett, Town of",891204.38,0.0195553200873315
64264,43906.8,"Thornton city, Colorado","8","",77290,"","","10877290","66948",66948,"C1","1285","0628","Thornton",2002-10-18 15:59:43,"OIS",2002-10-18 15:59:43,"OIS",2412064,"Thornton, City of",42965582.54,0.0146167665536788
64266,3978.2,"Johnstown town, Colorado","8","",39855,"","","10839855","81313",81313,"C1","0690","0396","Johnstown",2002-10-18 15:59:43,"OIS",2002-10-18 15:59:43,"OIS",2412807,"Johnstown, Town of",3429270.68,0.0106012034400588
